ID,Constantly under stress,Stuggle with work-life balance,Symptoms don't slow me down,Concerned about interaction of medicine w/Rx,Concerned about interaction of medicine w/alcohol,Lookout for newest medicine,Waging war on symptoms,Need Fast acting medicine,Don't care about cost if works,Medicine that won't upset stomach,Need long lasting affect,Get info on different medicine from family and friends,Carry medicince everywhere,Medicine at first sign of symptoms,Need strong medicine,Interested in all alternate medicine
,L,L,A,A,A,B,B,N,A,N,N,B,B,B,N,A
001128,3_to_4,5_to_6,1_to_2,1_to_2,5_to_6,5_to_6,5_to_6,5_to_6,1_to_2,1_to_2,5_to_6,1_to_2,5_to_6,5_to_6,5_to_6,1_to_2
001836,1_to_2,1_to_2,1_to_2,1_to_2,5_to_6,5_to_6,3_to_4,1_to_2,1_to_2,1_to_2,1_to_2,1_to_2,3_to_4,3_to_4,1_to_2,1_to_2
002379,1_to_2,5_to_6,3_to_4,1_to_2,5_to_6,3_to_4,3_to_4,3_to_4,3_to_4,1_to_2,3_to_4,3_to_4,3_to_4,3_to_4,5_to_6,3_to_4
002917,3_to_4,3_to_4,3_to_4,1_to_2,1_to_2,3_to_4,3_to_4,1_to_2,3_to_4,3_to_4,3_to_4,5_to_6,3_to_4,3_to_4,1_to_2,3_to_4
003247,1_to_2,1_to_2,3_to_4,5_to_6,5_to_6,5_to_6,3_to_4,3_to_4,3_to_4,3_to_4,5_to_6,3_to_4,3_to_4,3_to_4,3_to_4,1_to_2
003475,1_to_2,1_to_2,1_to_2,5_to_6,1_to_2,3_to_4,1_to_2,1_to_2,5_to_6,3_to_4,1_to_2,3_to_4,1_to_2,5_to_6,1_to_2,1_to_2
003515,3_to_4,3_to_4,3_to_4,3_to_4,5_to_6,5_to_6,1_to_2,5_to_6,3_to_4,1_to_2,5_to_6,3_to_4,1_to_2,5_to_6,1_to_2,5_to_6
003892,3_to_4,3_to_4,3_to_4,3_to_4,1_to_2,3_to_4,3_to_4,5_to_6,1_to_2,3_to_4,5_to_6,3_to_4,1_to_2,5_to_6,3_to_4,3_to_4
004266,1_to_2,5_to_6,1_to_2,1_to_2,5_to_6,1_to_2,1_to_2,3_to_4,5_to_6,5_to_6,5_to_6,1_to_2,1_to_2,3_to_4,3_to_4,1_to_2
007728,5_to_6,5_to_6,1_to_2,1_to_2,1_to_2,3_to_4,3_to_4,3_to_4,3_to_4,1_to_2,3_to_4,3_to_4,5_to_6,5_to_6,5_to_6,3_to_4
010100,3_to_4,1_to_2,3_to_4,1_to_2,1_to_2,5_to_6,3_to_4,5_to_6,1_to_2,3_to_4,3_to_4,3_to_4,1_to_2,3_to_4,1_to_2,3_to_4
011369,3_to_4,3_to_4,1_to_2,1_to_2,1_to_2,3_to_4,3_to_4,3_to_4,1_to_2,1_to_2,1_to_2,3_to_4,1_to_2,3_to_4,3_to_4,3_to_4
013013,3_to_4,5_to_6,3_to_4,1_to_2,5_to_6,5_to_6,3_to_4,1_to_2,5_to_6,1_to_2,3_to_4,3_to_4,5_to_6,5_to_6,3_to_4,3_to_4
015187,5_to_6,5_to_6,1_to_2,1_to_2,1_to_2,5_to_6,3_to_4,3_to_4,1_to_2,3_to_4,5_to_6,3_to_4,5_to_6,3_to_4,1_to_2,5_to_6
016718,3_to_4,5_to_6,3_to_4,1_to_2,5_to_6,5_to_6,1_to_2,1_to_2,1_to_2,1_to_2,5_to_6,3_to_4,5_to_6,3_to_4,5_to_6,5_to_6
017020,3_to_4,3_to_4,3_to_4,1_to_2,1_to_2,5_to_6,3_to_4,5_to_6,3_to_4,1_to_2,5_to_6,5_to_6,3_to_4,3_to_4,5_to_6,1_to_2
018231,5_to_6,No ans.,5_to_6,5_to_6,5_to_6,5_to_6,1_to_2,5_to_6,3_to_4,5_to_6,5_to_6,5_to_6,1_to_2,3_to_4,5_to_6,3_to_4
018853,3_to_4,3_to_4,3_to_4,3_to_4,3_to_4,3_to_4,3_to_4,3_to_4,1_to_2,3_to_4,5_to_6,3_to_4,1_to_2,1_to_2,1_to_2,3_to_4
019337,3_to_4,3_to_4,3_to_4,1_to_2,1_to_2,5_to_6,1_to_2,5_to_6,5_to_6,1_to_2,5_to_6,3_to_4,5_to_6,5_to_6,5_to_6,1_to_2
019680,3_to_4,5_to_6,5_to_6,1_to_2,1_to_2,5_to_6,5_to_6,3_to_4,5_to_6,1_to_2,No ans.,3_to_4,5_to_6,3_to_4,3_to_4,5_to_6
020361,1_to_2,1_to_2,1_to_2,1_to_2,1_to_2,3_to_4,1_to_2,5_to_6,1_to_2,5_to_6,5_to_6,3_to_4,3_to_4,5_to_6,3_to_4,5_to_6
020714,5_to_6,5_to_6,1_to_2,3_to_4,3_to_4,5_to_6,3_to_4,1_to_2,5_to_6,3_to_4,1_to_2,3_to_4,1_to_2,5_to_6,3_to_4,3_to_4
020893,5_to_6,5_to_6,3_to_4,1_to_2,3_to_4,5_to_6,1_to_2,3_to_4,3_to_4,3_to_4,1_to_2,3_to_4,3_to_4,3_to_4,5_to_6,1_to_2
021141,3_to_4,5_to_6,1_to_2,1_to_2,5_to_6,5_to_6,1_to_2,5_to_6,1_to_2,1_to_2,5_to_6,1_to_2,3_to_4,5_to_6,3_to_4,1_to_2
021756,5_to_6,5_to_6,1_to_2,1_to_2,5_to_6,5_to_6,3_to_4,No ans.,5_to_6,5_to_6,5_to_6,5_to_6,5_to_6,5_to_6,No ans.,No ans.
022080,1_to_2,3_to_4,3_to_4,5_to_6,3_to_4,3_to_4,3_to_4,1_to_2,3_to_4,3_to_4,3_to_4,3_to_4,5_to_6,5_to_6,1_to_2,3_to_4
023475,1_to_2,1_to_2,3_to_4,1_to_2,5_to_6,5_to_6,5_to_6,5_to_6,5_to_6,1_to_2,3_to_4,1_to_2,3_to_4,5_to_6,5_to_6,1_to_2
023660,3_to_4,5_to_6,1_to_2,1_to_2,5_to_6,5_to_6,1_to_2,3_to_4,5_to_6,1_to_2,1_to_2,3_to_4,1_to_2,3_to_4,5_to_6,5_to_6
023857,1_to_2,1_to_2,3_to_4,3_to_4,1_to_2,1_to_2,1_to_2,1_to_2,3_to_4,1_to_2,1_to_2,3_to_4,1_to_2,3_to_4,1_to_2,1_to_2
025390,3_to_4,3_to_4,1_to_2,1_to_2,5_to_6,5_to_6,5_to_6,5_to_6,1_to_2,1_to_2,1_to_2,5_to_6,1_to_2,1_to_2,1_to_2,5_to_6
026286,5_to_6,3_to_4,3_to_4,3_to_4,3_to_4,5_to_6,3_to_4,3_to_4,3_to_4,3_to_4,3_to_4,3_to_4,5_to_6,3_to_4,3_to_4,3_to_4
026966,5_to_6,5_to_6,3_to_4,1_to_2,5_to_6,5_to_6,3_to_4,3_to_4,5_to_6,3_to_4,3_to_4,3_to_4,1_to_2,3_to_4,1_to_2,5_to_6
027757,1_to_2,1_to_2,3_to_4,1_to_2,1_to_2,3_to_4,3_to_4,1_to_2,1_to_2,1_to_2,1_to_2,3_to_4,1_to_2,5_to_6,1_to_2,1_to_2
028817,5_to_6,5_to_6,1_to_2,1_to_2,5_to_6,3_to_4,1_to_2,3_to_4,1_to_2,3_to_4,3_to_4,1_to_2,3_to_4,5_to_6,5_to_6,1_to_2
029452,1_to_2,1_to_2,1_to_2,5_to_6,5_to_6,5_to_6,3_to_4,5_to_6,5_to_6,No ans.,5_to_6,5_to_6,5_to_6,3_to_4,1_to_2,3_to_4
030117,3_to_4,3_to_4,1_to_2,5_to_6,5_to_6,3_to_4,3_to_4,1_to_2,3_to_4,5_to_6,3_to_4,1_to_2,3_to_4,5_to_6,1_to_2,1_to_2
030327,5_to_6,5_to_6,3_to_4,3_to_4,5_to_6,5_to_6,1_to_2,3_to_4,3_to_4,1_to_2,3_to_4,3_to_4,5_to_6,1_to_2,5_to_6,5_to_6
031434,5_to_6,5_to_6,No ans.,1_to_2,1_to_2,1_to_2,No ans.,1_to_2,3_to_4,1_to_2,1_to_2,3_to_4,1_to_2,1_to_2,1_to_2,1_to_2
033787,3_to_4,3_to_4,3_to_4,3_to_4,3_to_4,5_to_6,3_to_4,3_to_4,3_to_4,3_to_4,3_to_4,5_to_6,5_to_6,3_to_4,5_to_6,1_to_2
037391,1_to_2,5_to_6,1_to_2,1_to_2,1_to_2,5_to_6,3_to_4,5_to_6,5_to_6,5_to_6,5_to_6,5_to_6,3_to_4,1_to_2,3_to_4,5_to_6
038069,3_to_4,1_to_2,3_to_4,1_to_2,3_to_4,5_to_6,5_to_6,1_to_2,1_to_2,3_to_4,1_to_2,1_to_2,3_to_4,5_to_6,1_to_2,1_to_2
040739,3_to_4,5_to_6,1_to_2,5_to_6,5_to_6,5_to_6,3_to_4,3_to_4,1_to_2,5_to_6,5_to_6,5_to_6,5_to_6,3_to_4,3_to_4,5_to_6
040835,3_to_4,1_to_2,1_to_2,1_to_2,1_to_2,5_to_6,5_to_6,1_to_2,3_to_4,1_to_2,1_to_2,5_to_6,3_to_4,5_to_6,5_to_6,5_to_6
042539,5_to_6,5_to_6,1_to_2,3_to_4,1_to_2,5_to_6,1_to_2,5_to_6,3_to_4,3_to_4,3_to_4,3_to_4,3_to_4,3_to_4,3_to_4,1_to_2
043371,3_to_4,5_to_6,1_to_2,3_to_4,5_to_6,3_to_4,3_to_4,1_to_2,1_to_2,1_to_2,5_to_6,3_to_4,5_to_6,3_to_4,1_to_2,1_to_2
043469,1_to_2,3_to_4,1_to_2,1_to_2,1_to_2,5_to_6,3_to_4,5_to_6,1_to_2,5_to_6,3_to_4,1_to_2,3_to_4,5_to_6,1_to_2,1_to_2
044360,1_to_2,3_to_4,3_to_4,1_to_2,3_to_4,3_to_4,3_to_4,3_to_4,1_to_2,1_to_2,3_to_4,3_to_4,3_to_4,3_to_4,5_to_6,5_to_6
044925,5_to_6,3_to_4,1_to_2,5_to_6,5_to_6,5_to_6,5_to_6,5_to_6,1_to_2,5_to_6,5_to_6,3_to_4,5_to_6,3_to_4,3_to_4,5_to_6
045018,3_to_4,3_to_4,1_to_2,5_to_6,5_to_6,5_to_6,3_to_4,1_to_2,3_to_4,1_to_2,3_to_4,1_to_2,5_to_6,5_to_6,3_to_4,1_to_2
045076,3_to_4,3_to_4,1_to_2,5_to_6,1_to_2,5_to_6,1_to_2,5_to_6,3_to_4,1_to_2,5_to_6,1_to_2,3_to_4,3_to_4,3_to_4,1_to_2
045120,3_to_4,3_to_4,3_to_4,3_to_4,5_to_6,5_to_6,5_to_6,3_to_4,3_to_4,5_to_6,5_to_6,5_to_6,5_to_6,3_to_4,5_to_6,3_to_4
045452,3_to_4,3_to_4,3_to_4,3_to_4,5_to_6,5_to_6,3_to_4,5_to_6,5_to_6,1_to_2,3_to_4,3_to_4,5_to_6,3_to_4,1_to_2,5_to_6
046496,1_to_2,3_to_4,1_to_2,5_to_6,1_to_2,5_to_6,3_to_4,1_to_2,3_to_4,1_to_2,1_to_2,1_to_2,1_to_2,5_to_6,1_to_2,3_to_4
047837,1_to_2,3_to_4,1_to_2,No ans.,1_to_2,1_to_2,1_to_2,No ans.,1_to_2,1_to_2,1_to_2,3_to_4,1_to_2,1_to_2,1_to_2,No ans.
048093,3_to_4,3_to_4,5_to_6,1_to_2,5_to_6,3_to_4,5_to_6,1_to_2,1_to_2,3_to_4,5_to_6,1_to_2,1_to_2,5_to_6,1_to_2,3_to_4
048186,3_to_4,3_to_4,1_to_2,1_to_2,1_to_2,3_to_4,1_to_2,1_to_2,5_to_6,1_to_2,1_to_2,3_to_4,5_to_6,5_to_6,1_to_2,1_to_2
049529,5_to_6,3_to_4,1_to_2,1_to_2,3_to_4,3_to_4,3_to_4,5_to_6,3_to_4,3_to_4,5_to_6,5_to_6,3_to_4,3_to_4,5_to_6,3_to_4
050161,1_to_2,3_to_4,1_to_2,5_to_6,3_to_4,5_to_6,3_to_4,5_to_6,3_to_4,1_to_2,3_to_4,3_to_4,1_to_2,3_to_4,3_to_4,5_to_6
052225,1_to_2,1_to_2,3_to_4,1_to_2,5_to_6,5_to_6,3_to_4,5_to_6,3_to_4,1_to_2,5_to_6,3_to_4,1_to_2,1_to_2,1_to_2,1_to_2
053128,1_to_2,3_to_4,3_to_4,1_to_2,1_to_2,3_to_4,1_to_2,1_to_2,3_to_4,1_to_2,3_to_4,5_to_6,5_to_6,3_to_4,5_to_6,3_to_4
053541,3_to_4,5_to_6,No ans.,No ans.,5_to_6,5_to_6,3_to_4,5_to_6,5_to_6,5_to_6,5_to_6,5_to_6,5_to_6,5_to_6,5_to_6,3_to_4
053545,3_to_4,1_to_2,3_to_4,3_to_4,5_to_6,1_to_2,3_to_4,5_to_6,1_to_2,1_to_2,5_to_6,3_to_4,1_to_2,1_to_2,3_to_4,3_to_4
054739,1_to_2,1_to_2,3_to_4,1_to_2,1_to_2,5_to_6,1_to_2,3_to_4,5_to_6,1_to_2,3_to_4,3_to_4,3_to_4,3_to_4,3_to_4,1_to_2
055370,5_to_6,5_to_6,1_to_2,1_to_2,No ans.,1_to_2,1_to_2,3_to_4,1_to_2,1_to_2,5_to_6,1_to_2,1_to_2,1_to_2,1_to_2,1_to_2
055376,5_to_6,3_to_4,1_to_2,1_to_2,5_to_6,3_to_4,1_to_2,1_to_2,1_to_2,1_to_2,1_to_2,3_to_4,1_to_2,5_to_6,3_to_4,1_to_2
057099,5_to_6,5_to_6,3_to_4,5_to_6,5_to_6,5_to_6,3_to_4,5_to_6,5_to_6,5_to_6,5_to_6,5_to_6,5_to_6,3_to_4,3_to_4,5_to_6
057544,1_to_2,3_to_4,1_to_2,1_to_2,3_to_4,5_to_6,3_to_4,5_to_6,3_to_4,5_to_6,5_to_6,3_to_4,5_to_6,5_to_6,3_to_4,5_to_6
058237,5_to_6,5_to_6,1_to_2,1_to_2,1_to_2,1_to_2,3_to_4,1_to_2,1_to_2,1_to_2,3_to_4,5_to_6,1_to_2,5_to_6,1_to_2,3_to_4
058755,1_to_2,1_to_2,3_to_4,5_to_6,No ans.,No ans.,3_to_4,1_to_2,1_to_2,1_to_2,1_to_2,1_to_2,No ans.,5_to_6,1_to_2,3_to_4
058808,1_to_2,1_to_2,3_to_4,5_to_6,5_to_6,5_to_6,5_to_6,5_to_6,1_to_2,5_to_6,3_to_4,3_to_4,1_to_2,1_to_2,1_to_2,5_to_6
061254,5_to_6,5_to_6,No ans.,3_to_4,No ans.,3_to_4,No ans.,3_to_4,3_to_4,No ans.,No ans.,5_to_6,3_to_4,3_to_4,3_to_4,5_to_6
062019,1_to_2,3_to_4,1_to_2,3_to_4,1_to_2,1_to_2,1_to_2,1_to_2,1_to_2,1_to_2,1_to_2,1_to_2,3_to_4,1_to_2,1_to_2,1_to_2
064446,3_to_4,5_to_6,1_to_2,5_to_6,3_to_4,5_to_6,3_to_4,3_to_4,3_to_4,1_to_2,3_to_4,3_to_4,1_to_2,3_to_4,5_to_6,1_to_2
066821,1_to_2,5_to_6,5_to_6,1_to_2,1_to_2,1_to_2,1_to_2,1_to_2,1_to_2,1_to_2,1_to_2,1_to_2,1_to_2,1_to_2,1_to_2,5_to_6
067294,1_to_2,1_to_2,1_to_2,1_to_2,1_to_2,1_to_2,No ans.,1_to_2,No ans.,1_to_2,1_to_2,1_to_2,1_to_2,3_to_4,No ans.,1_to_2
067670,3_to_4,3_to_4,3_to_4,1_to_2,1_to_2,5_to_6,3_to_4,5_to_6,1_to_2,1_to_2,1_to_2,3_to_4,1_to_2,1_to_2,3_to_4,3_to_4
068035,3_to_4,5_to_6,1_to_2,3_to_4,5_to_6,5_to_6,3_to_4,5_to_6,1_to_2,5_to_6,No ans.,5_to_6,3_to_4,5_to_6,3_to_4,3_to_4
069179,3_to_4,1_to_2,1_to_2,5_to_6,5_to_6,3_to_4,1_to_2,5_to_6,1_to_2,5_to_6,5_to_6,5_to_6,5_to_6,3_to_4,5_to_6,1_to_2
069658,3_to_4,1_to_2,3_to_4,3_to_4,5_to_6,3_to_4,3_to_4,3_to_4,1_to_2,3_to_4,1_to_2,5_to_6,1_to_2,3_to_4,3_to_4,5_to_6
071384,3_to_4,5_to_6,5_to_6,3_to_4,5_to_6,3_to_4,5_to_6,3_to_4,3_to_4,3_to_4,3_to_4,3_to_4,1_to_2,3_to_4,1_to_2,3_to_4
071447,3_to_4,3_to_4,3_to_4,1_to_2,1_to_2,3_to_4,3_to_4,3_to_4,1_to_2,1_to_2,1_to_2,3_to_4,1_to_2,1_to_2,5_to_6,3_to_4
071845,5_to_6,5_to_6,3_to_4,3_to_4,5_to_6,5_to_6,3_to_4,3_to_4,3_to_4,1_to_2,1_to_2,3_to_4,3_to_4,5_to_6,3_to_4,1_to_2
072259,3_to_4,3_to_4,3_to_4,1_to_2,1_to_2,5_to_6,3_to_4,1_to_2,3_to_4,3_to_4,5_to_6,3_to_4,5_to_6,1_to_2,1_to_2,5_to_6
072476,5_to_6,5_to_6,3_to_4,3_to_4,5_to_6,5_to_6,3_to_4,3_to_4,3_to_4,3_to_4,3_to_4,3_to_4,5_to_6,5_to_6,3_to_4,3_to_4
072844,1_to_2,1_to_2,3_to_4,3_to_4,5_to_6,5_to_6,1_to_2,5_to_6,5_to_6,3_to_4,1_to_2,5_to_6,1_to_2,5_to_6,3_to_4,5_to_6
073338,5_to_6,5_to_6,1_to_2,3_to_4,5_to_6,5_to_6,1_to_2,5_to_6,1_to_2,3_to_4,3_to_4,5_to_6,1_to_2,5_to_6,1_to_2,1_to_2
074763,3_to_4,3_to_4,1_to_2,1_to_2,1_to_2,3_to_4,3_to_4,1_to_2,3_to_4,1_to_2,1_to_2,3_to_4,1_to_2,3_to_4,1_to_2,3_to_4
074814,1_to_2,5_to_6,1_to_2,1_to_2,1_to_2,1_to_2,1_to_2,3_to_4,1_to_2,1_to_2,1_to_2,5_to_6,1_to_2,5_to_6,5_to_6,5_to_6
075053,1_to_2,5_to_6,3_to_4,3_to_4,5_to_6,5_to_6,3_to_4,5_to_6,5_to_6,5_to_6,5_to_6,5_to_6,5_to_6,3_to_4,3_to_4,5_to_6
075725,5_to_6,5_to_6,1_to_2,1_to_2,3_to_4,5_to_6,1_to_2,1_to_2,1_to_2,1_to_2,3_to_4,3_to_4,1_to_2,3_to_4,1_to_2,1_to_2
076072,3_to_4,3_to_4,1_to_2,1_to_2,1_to_2,3_to_4,1_to_2,1_to_2,1_to_2,1_to_2,1_to_2,3_to_4,3_to_4,1_to_2,1_to_2,1_to_2
076088,5_to_6,5_to_6,3_to_4,1_to_2,1_to_2,5_to_6,3_to_4,1_to_2,1_to_2,1_to_2,3_to_4,3_to_4,1_to_2,1_to_2,1_to_2,1_to_2
076521,3_to_4,5_to_6,3_to_4,1_to_2,5_to_6,5_to_6,5_to_6,3_to_4,5_to_6,1_to_2,3_to_4,1_to_2,3_to_4,5_to_6,5_to_6,3_to_4
077817,5_to_6,5_to_6,1_to_2,1_to_2,5_to_6,5_to_6,3_to_4,5_to_6,5_to_6,3_to_4,5_to_6,5_to_6,3_to_4,3_to_4,5_to_6,5_to_6
077914,3_to_4,1_to_2,3_to_4,5_to_6,3_to_4,1_to_2,3_to_4,1_to_2,3_to_4,1_to_2,3_to_4,5_to_6,1_to_2,3_to_4,1_to_2,5_to_6
078735,3_to_4,3_to_4,3_to_4,5_to_6,1_to_2,3_to_4,1_to_2,1_to_2,3_to_4,1_to_2,3_to_4,3_to_4,1_to_2,3_to_4,1_to_2,1_to_2
080012,3_to_4,3_to_4,1_to_2,1_to_2,1_to_2,1_to_2,1_to_2,1_to_2,1_to_2,1_to_2,5_to_6,1_to_2,1_to_2,5_to_6,1_to_2,5_to_6
080575,1_to_2,1_to_2,1_to_2,1_to_2,1_to_2,5_to_6,3_to_4,1_to_2,1_to_2,1_to_2,5_to_6,5_to_6,1_to_2,1_to_2,1_to_2,3_to_4
080645,1_to_2,5_to_6,1_to_2,5_to_6,5_to_6,1_to_2,5_to_6,1_to_2,5_to_6,1_to_2,1_to_2,5_to_6,1_to_2,5_to_6,5_to_6,5_to_6
080997,3_to_4,5_to_6,1_to_2,3_to_4,5_to_6,5_to_6,3_to_4,3_to_4,1_to_2,1_to_2,5_to_6,1_to_2,1_to_2,1_to_2,1_to_2,5_to_6
082376,1_to_2,3_to_4,1_to_2,1_to_2,1_to_2,5_to_6,1_to_2,3_to_4,5_to_6,5_to_6,5_to_6,3_to_4,3_to_4,5_to_6,3_to_4,3_to_4
083542,1_to_2,3_to_4,3_to_4,5_to_6,1_to_2,5_to_6,3_to_4,5_to_6,5_to_6,5_to_6,5_to_6,5_to_6,3_to_4,5_to_6,5_to_6,1_to_2
084865,3_to_4,5_to_6,1_to_2,1_to_2,1_to_2,3_to_4,3_to_4,1_to_2,3_to_4,3_to_4,3_to_4,1_to_2,1_to_2,1_to_2,1_to_2,5_to_6
085026,5_to_6,5_to_6,5_to_6,3_to_4,5_to_6,3_to_4,3_to_4,3_to_4,3_to_4,1_to_2,3_to_4,3_to_4,1_to_2,3_to_4,3_to_4,5_to_6
085465,3_to_4,1_to_2,No ans.,1_to_2,5_to_6,3_to_4,No ans.,5_to_6,5_to_6,3_to_4,3_to_4,3_to_4,5_to_6,3_to_4,5_to_6,5_to_6
085792,3_to_4,3_to_4,5_to_6,3_to_4,3_to_4,5_to_6,3_to_4,3_to_4,5_to_6,1_to_2,3_to_4,5_to_6,3_to_4,3_to_4,3_to_4,5_to_6
086313,5_to_6,5_to_6,3_to_4,1_to_2,3_to_4,5_to_6,3_to_4,3_to_4,1_to_2,1_to_2,3_to_4,1_to_2,3_to_4,3_to_4,3_to_4,3_to_4
087428,1_to_2,5_to_6,1_to_2,3_to_4,3_to_4,5_to_6,5_to_6,5_to_6,1_to_2,5_to_6,5_to_6,5_to_6,5_to_6,1_to_2,1_to_2,5_to_6
088048,1_to_2,5_to_6,1_to_2,1_to_2,1_to_2,1_to_2,1_to_2,1_to_2,5_to_6,1_to_2,1_to_2,3_to_4,5_to_6,1_to_2,1_to_2,1_to_2
088975,3_to_4,5_to_6,3_to_4,5_to_6,3_to_4,3_to_4,3_to_4,1_to_2,3_to_4,1_to_2,3_to_4,5_to_6,1_to_2,5_to_6,1_to_2,1_to_2
089218,1_to_2,1_to_2,1_to_2,No ans.,3_to_4,3_to_4,1_to_2,3_to_4,3_to_4,1_to_2,3_to_4,3_to_4,1_to_2,3_to_4,3_to_4,3_to_4
090252,3_to_4,5_to_6,1_to_2,1_to_2,1_to_2,5_to_6,5_to_6,5_to_6,1_to_2,1_to_2,1_to_2,5_to_6,5_to_6,5_to_6,5_to_6,3_to_4
092591,3_to_4,1_to_2,1_to_2,3_to_4,5_to_6,3_to_4,3_to_4,5_to_6,3_to_4,1_to_2,5_to_6,3_to_4,1_to_2,5_to_6,5_to_6,1_to_2
093120,No ans.,5_to_6,3_to_4,1_to_2,3_to_4,5_to_6,3_to_4,3_to_4,1_to_2,3_to_4,3_to_4,1_to_2,3_to_4,1_to_2,5_to_6,5_to_6
093152,1_to_2,1_to_2,1_to_2,3_to_4,5_to_6,3_to_4,3_to_4,5_to_6,3_to_4,3_to_4,3_to_4,5_to_6,3_to_4,5_to_6,3_to_4,5_to_6
093346,3_to_4,3_to_4,3_to_4,No ans.,3_to_4,5_to_6,3_to_4,1_to_2,5_to_6,1_to_2,1_to_2,1_to_2,1_to_2,3_to_4,3_to_4,3_to_4
093427,3_to_4,1_to_2,3_to_4,3_to_4,3_to_4,3_to_4,1_to_2,1_to_2,1_to_2,1_to_2,3_to_4,3_to_4,5_to_6,3_to_4,1_to_2,3_to_4
093990,1_to_2,1_to_2,1_to_2,5_to_6,5_to_6,3_to_4,5_to_6,5_to_6,1_to_2,5_to_6,5_to_6,5_to_6,1_to_2,5_to_6,1_to_2,3_to_4
094754,1_to_2,3_to_4,5_to_6,1_to_2,1_to_2,3_to_4,3_to_4,1_to_2,3_to_4,1_to_2,1_to_2,3_to_4,3_to_4,3_to_4,1_to_2,1_to_2
095470,1_to_2,3_to_4,1_to_2,1_to_2,5_to_6,1_to_2,1_to_2,1_to_2,1_to_2,5_to_6,1_to_2,5_to_6,1_to_2,3_to_4,1_to_2,5_to_6
096475,3_to_4,3_to_4,3_to_4,3_to_4,1_to_2,3_to_4,3_to_4,3_to_4,3_to_4,3_to_4,3_to_4,3_to_4,3_to_4,3_to_4,3_to_4,3_to_4
097903,5_to_6,5_to_6,3_to_4,3_to_4,3_to_4,3_to_4,3_to_4,3_to_4,1_to_2,1_to_2,3_to_4,3_to_4,3_to_4,3_to_4,3_to_4,3_to_4
099477,1_to_2,1_to_2,1_to_2,1_to_2,No ans.,5_to_6,No ans.,1_to_2,5_to_6,1_to_2,5_to_6,3_to_4,1_to_2,1_to_2,1_to_2,5_to_6
100270,3_to_4,5_to_6,5_to_6,3_to_4,5_to_6,5_to_6,3_to_4,3_to_4,5_to_6,3_to_4,3_to_4,5_to_6,1_to_2,3_to_4,5_to_6,5_to_6
101056,3_to_4,5_to_6,3_to_4,1_to_2,1_to_2,3_to_4,1_to_2,1_to_2,3_to_4,1_to_2,1_to_2,5_to_6,1_to_2,1_to_2,1_to_2,5_to_6
104923,3_to_4,3_to_4,3_to_4,5_to_6,5_to_6,3_to_4,3_to_4,1_to_2,3_to_4,1_to_2,5_to_6,5_to_6,3_to_4,1_to_2,3_to_4,3_to_4
105159,1_to_2,3_to_4,3_to_4,3_to_4,1_to_2,1_to_2,1_to_2,3_to_4,3_to_4,1_to_2,1_to_2,3_to_4,3_to_4,1_to_2,1_to_2,5_to_6
105489,5_to_6,5_to_6,3_to_4,1_to_2,1_to_2,3_to_4,3_to_4,3_to_4,1_to_2,No ans.,3_to_4,3_to_4,5_to_6,3_to_4,5_to_6,3_to_4
109405,1_to_2,5_to_6,1_to_2,1_to_2,1_to_2,5_to_6,1_to_2,1_to_2,1_to_2,1_to_2,1_to_2,5_to_6,1_to_2,1_to_2,1_to_2,1_to_2
109542,1_to_2,1_to_2,5_to_6,5_to_6,5_to_6,3_to_4,5_to_6,1_to_2,3_to_4,1_to_2,1_to_2,5_to_6,1_to_2,5_to_6,1_to_2,1_to_2
112371,5_to_6,3_to_4,3_to_4,1_to_2,5_to_6,5_to_6,3_to_4,No ans.,3_to_4,5_to_6,5_to_6,3_to_4,5_to_6,1_to_2,No ans.,No ans.
113139,5_to_6,5_to_6,3_to_4,5_to_6,5_to_6,5_to_6,5_to_6,3_to_4,3_to_4,3_to_4,3_to_4,1_to_2,5_to_6,5_to_6,1_to_2,3_to_4
114015,5_to_6,3_to_4,3_to_4,1_to_2,1_to_2,3_to_4,1_to_2,3_to_4,5_to_6,1_to_2,1_to_2,1_to_2,5_to_6,3_to_4,1_to_2,3_to_4
114785,3_to_4,3_to_4,1_to_2,3_to_4,3_to_4,3_to_4,1_to_2,1_to_2,3_to_4,3_to_4,3_to_4,3_to_4,1_to_2,3_to_4,3_to_4,3_to_4
114838,1_to_2,1_to_2,1_to_2,1_to_2,1_to_2,5_to_6,1_to_2,1_to_2,5_to_6,1_to_2,3_to_4,3_to_4,1_to_2,3_to_4,1_to_2,3_to_4
116077,1_to_2,3_to_4,5_to_6,1_to_2,3_to_4,1_to_2,3_to_4,1_to_2,1_to_2,3_to_4,3_to_4,1_to_2,3_to_4,3_to_4,3_to_4,5_to_6
116743,3_to_4,3_to_4,5_to_6,5_to_6,No ans.,3_to_4,1_to_2,3_to_4,1_to_2,1_to_2,3_to_4,3_to_4,5_to_6,5_to_6,1_to_2,3_to_4
117011,1_to_2,1_to_2,5_to_6,1_to_2,5_to_6,5_to_6,1_to_2,1_to_2,5_to_6,5_to_6,5_to_6,5_to_6,5_to_6,5_to_6,1_to_2,3_to_4
118944,5_to_6,3_to_4,3_to_4,1_to_2,5_to_6,5_to_6,1_to_2,5_to_6,3_to_4,5_to_6,5_to_6,3_to_4,5_to_6,3_to_4,3_to_4,1_to_2
121768,3_to_4,3_to_4,3_to_4,1_to_2,1_to_2,3_to_4,3_to_4,3_to_4,1_to_2,3_to_4,1_to_2,3_to_4,3_to_4,1_to_2,3_to_4,3_to_4
122129,1_to_2,1_to_2,1_to_2,1_to_2,1_to_2,5_to_6,3_to_4,1_to_2,3_to_4,1_to_2,3_to_4,5_to_6,3_to_4,3_to_4,1_to_2,1_to_2
122578,3_to_4,3_to_4,1_to_2,5_to_6,5_to_6,5_to_6,3_to_4,5_to_6,5_to_6,5_to_6,5_to_6,3_to_4,5_to_6,5_to_6,5_to_6,1_to_2
123404,1_to_2,3_to_4,1_to_2,1_to_2,1_to_2,5_to_6,1_to_2,3_to_4,3_to_4,1_to_2,3_to_4,3_to_4,5_to_6,5_to_6,1_to_2,3_to_4
124656,3_to_4,3_to_4,3_to_4,1_to_2,1_to_2,3_to_4,3_to_4,3_to_4,3_to_4,1_to_2,3_to_4,3_to_4,5_to_6,5_to_6,3_to_4,3_to_4
124748,3_to_4,5_to_6,3_to_4,1_to_2,5_to_6,3_to_4,3_to_4,3_to_4,3_to_4,3_to_4,5_to_6,5_to_6,1_to_2,3_to_4,1_to_2,5_to_6
126335,5_to_6,3_to_4,1_to_2,1_to_2,5_to_6,3_to_4,1_to_2,3_to_4,1_to_2,1_to_2,3_to_4,3_to_4,5_to_6,3_to_4,5_to_6,1_to_2
130171,3_to_4,3_to_4,1_to_2,1_to_2,5_to_6,3_to_4,3_to_4,5_to_6,3_to_4,1_to_2,5_to_6,5_to_6,5_to_6,3_to_4,3_to_4,3_to_4
132268,5_to_6,5_to_6,1_to_2,5_to_6,5_to_6,5_to_6,1_to_2,5_to_6,5_to_6,3_to_4,5_to_6,5_to_6,1_to_2,1_to_2,5_to_6,5_to_6
133757,1_to_2,1_to_2,1_to_2,5_to_6,5_to_6,3_to_4,3_to_4,5_to_6,1_to_2,5_to_6,5_to_6,5_to_6,5_to_6,3_to_4,3_to_4,1_to_2
134246,1_to_2,5_to_6,1_to_2,3_to_4,3_to_4,3_to_4,3_to_4,1_to_2,3_to_4,1_to_2,3_to_4,3_to_4,3_to_4,3_to_4,1_to_2,3_to_4
139593,3_to_4,5_to_6,1_to_2,1_to_2,5_to_6,5_to_6,3_to_4,3_to_4,1_to_2,1_to_2,1_to_2,5_to_6,3_to_4,5_to_6,3_to_4,3_to_4
140792,5_to_6,5_to_6,3_to_4,1_to_2,5_to_6,5_to_6,3_to_4,3_to_4,3_to_4,3_to_4,3_to_4,3_to_4,5_to_6,1_to_2,3_to_4,3_to_4
144299,1_to_2,1_to_2,5_to_6,1_to_2,3_to_4,No ans.,3_to_4,3_to_4,3_to_4,No ans.,5_to_6,5_to_6,3_to_4,3_to_4,3_to_4,5_to_6
148148,3_to_4,5_to_6,3_to_4,5_to_6,1_to_2,5_to_6,1_to_2,3_to_4,3_to_4,3_to_4,3_to_4,5_to_6,1_to_2,3_to_4,3_to_4,5_to_6
149867,1_to_2,5_to_6,5_to_6,1_to_2,3_to_4,1_to_2,1_to_2,3_to_4,1_to_2,1_to_2,5_to_6,3_to_4,1_to_2,3_to_4,3_to_4,1_to_2
151106,3_to_4,5_to_6,3_to_4,3_to_4,5_to_6,5_to_6,5_to_6,1_to_2,5_to_6,5_to_6,1_to_2,3_to_4,1_to_2,3_to_4,3_to_4,5_to_6
152101,No ans.,5_to_6,3_to_4,5_to_6,5_to_6,5_to_6,5_to_6,5_to_6,3_to_4,5_to_6,5_to_6,5_to_6,3_to_4,3_to_4,3_to_4,5_to_6
152639,3_to_4,5_to_6,1_to_2,5_to_6,5_to_6,5_to_6,5_to_6,1_to_2,5_to_6,3_to_4,5_to_6,3_to_4,3_to_4,5_to_6,1_to_2,5_to_6
152697,5_to_6,5_to_6,1_to_2,3_to_4,5_to_6,5_to_6,5_to_6,3_to_4,5_to_6,3_to_4,5_to_6,5_to_6,5_to_6,5_to_6,5_to_6,3_to_4
153268,1_to_2,No ans.,3_to_4,1_to_2,5_to_6,3_to_4,5_to_6,3_to_4,1_to_2,1_to_2,5_to_6,5_to_6,1_to_2,1_to_2,5_to_6,3_to_4
154951,1_to_2,5_to_6,1_to_2,1_to_2,5_to_6,5_to_6,1_to_2,1_to_2,1_to_2,1_to_2,1_to_2,1_to_2,1_to_2,1_to_2,1_to_2,5_to_6
161048,1_to_2,1_to_2,3_to_4,5_to_6,1_to_2,5_to_6,1_to_2,3_to_4,1_to_2,3_to_4,3_to_4,3_to_4,5_to_6,3_to_4,1_to_2,5_to_6
165375,3_to_4,5_to_6,1_to_2,3_to_4,5_to_6,3_to_4,3_to_4,3_to_4,3_to_4,3_to_4,3_to_4,3_to_4,1_to_2,3_to_4,1_to_2,3_to_4
166469,3_to_4,1_to_2,1_to_2,1_to_2,1_to_2,5_to_6,3_to_4,1_to_2,1_to_2,1_to_2,3_to_4,3_to_4,3_to_4,3_to_4,3_to_4,3_to_4
169734,1_to_2,1_to_2,5_to_6,1_to_2,1_to_2,5_to_6,3_to_4,5_to_6,1_to_2,5_to_6,5_to_6,5_to_6,5_to_6,3_to_4,5_to_6,3_to_4
170676,1_to_2,3_to_4,1_to_2,1_to_2,5_to_6,3_to_4,1_to_2,3_to_4,3_to_4,3_to_4,3_to_4,3_to_4,5_to_6,1_to_2,3_to_4,5_to_6
171192,3_to_4,3_to_4,1_to_2,1_to_2,3_to_4,3_to_4,1_to_2,3_to_4,3_to_4,3_to_4,No ans.,1_to_2,3_to_4,3_to_4,5_to_6,1_to_2
172180,3_to_4,3_to_4,3_to_4,1_to_2,1_to_2,3_to_4,3_to_4,1_to_2,1_to_2,3_to_4,3_to_4,1_to_2,3_to_4,3_to_4,3_to_4,3_to_4
172188,1_to_2,5_to_6,1_to_2,1_to_2,1_to_2,5_to_6,3_to_4,1_to_2,1_to_2,1_to_2,1_to_2,3_to_4,5_to_6,5_to_6,1_to_2,3_to_4
172300,3_to_4,3_to_4,3_to_4,5_to_6,5_to_6,3_to_4,5_to_6,1_to_2,5_to_6,3_to_4,1_to_2,3_to_4,5_to_6,3_to_4,1_to_2,3_to_4
172370,3_to_4,1_to_2,1_to_2,1_to_2,5_to_6,5_to_6,3_to_4,3_to_4,3_to_4,3_to_4,3_to_4,1_to_2,3_to_4,3_to_4,3_to_4,3_to_4
176483,3_to_4,5_to_6,3_to_4,5_to_6,3_to_4,3_to_4,3_to_4,3_to_4,3_to_4,3_to_4,3_to_4,3_to_4,3_to_4,3_to_4,5_to_6,1_to_2
176940,1_to_2,1_to_2,3_to_4,1_to_2,1_to_2,5_to_6,3_to_4,3_to_4,5_to_6,1_to_2,3_to_4,5_to_6,5_to_6,3_to_4,5_to_6,5_to_6
177415,3_to_4,5_to_6,1_to_2,3_to_4,No ans.,5_to_6,5_to_6,5_to_6,5_to_6,3_to_4,5_to_6,3_to_4,5_to_6,5_to_6,3_to_4,3_to_4
177577,1_to_2,3_to_4,3_to_4,3_to_4,3_to_4,3_to_4,3_to_4,3_to_4,3_to_4,3_to_4,3_to_4,3_to_4,3_to_4,3_to_4,3_to_4,3_to_4
178738,1_to_2,3_to_4,1_to_2,3_to_4,3_to_4,1_to_2,3_to_4,3_to_4,3_to_4,3_to_4,3_to_4,1_to_2,3_to_4,3_to_4,3_to_4,5_to_6
180121,5_to_6,5_to_6,1_to_2,1_to_2,1_to_2,5_to_6,5_to_6,1_to_2,5_to_6,1_to_2,3_to_4,1_to_2,5_to_6,3_to_4,5_to_6,5_to_6
181541,1_to_2,5_to_6,1_to_2,1_to_2,1_to_2,5_to_6,3_to_4,3_to_4,3_to_4,1_to_2,1_to_2,3_to_4,5_to_6,3_to_4,5_to_6,1_to_2
182899,5_to_6,5_to_6,1_to_2,5_to_6,5_to_6,5_to_6,1_to_2,5_to_6,5_to_6,1_to_2,1_to_2,1_to_2,1_to_2,1_to_2,1_to_2,5_to_6
183404,3_to_4,5_to_6,1_to_2,1_to_2,1_to_2,5_to_6,3_to_4,3_to_4,1_to_2,1_to_2,3_to_4,5_to_6,1_to_2,1_to_2,5_to_6,5_to_6
184100,1_to_2,3_to_4,3_to_4,5_to_6,3_to_4,5_to_6,1_to_2,5_to_6,3_to_4,3_to_4,3_to_4,1_to_2,5_to_6,3_to_4,3_to_4,1_to_2
185438,1_to_2,5_to_6,1_to_2,1_to_2,5_to_6,No ans.,1_to_2,3_to_4,5_to_6,1_to_2,5_to_6,5_to_6,5_to_6,3_to_4,5_to_6,3_to_4
186691,3_to_4,5_to_6,1_to_2,1_to_2,No ans.,5_to_6,3_to_4,1_to_2,5_to_6,1_to_2,5_to_6,3_to_4,1_to_2,3_to_4,3_to_4,5_to_6
188319,3_to_4,5_to_6,3_to_4,3_to_4,1_to_2,5_to_6,5_to_6,5_to_6,5_to_6,5_to_6,5_to_6,5_to_6,1_to_2,1_to_2,1_to_2,5_to_6
189583,5_to_6,5_to_6,3_to_4,5_to_6,5_to_6,5_to_6,3_to_4,1_to_2,3_to_4,3_to_4,5_to_6,5_to_6,1_to_2,3_to_4,3_to_4,5_to_6
190161,3_to_4,5_to_6,3_to_4,3_to_4,5_to_6,5_to_6,3_to_4,3_to_4,3_to_4,3_to_4,3_to_4,1_to_2,3_to_4,3_to_4,3_to_4,3_to_4
190754,3_to_4,3_to_4,1_to_2,5_to_6,1_to_2,5_to_6,3_to_4,3_to_4,3_to_4,5_to_6,5_to_6,5_to_6,3_to_4,5_to_6,3_to_4,3_to_4
192820,5_to_6,5_to_6,1_to_2,1_to_2,1_to_2,5_to_6,3_to_4,5_to_6,1_to_2,3_to_4,1_to_2,5_to_6,5_to_6,5_to_6,5_to_6,3_to_4
192911,5_to_6,3_to_4,3_to_4,3_to_4,3_to_4,3_to_4,3_to_4,3_to_4,3_to_4,3_to_4,3_to_4,3_to_4,3_to_4,3_to_4,3_to_4,3_to_4
193853,3_to_4,3_to_4,3_to_4,3_to_4,1_to_2,3_to_4,3_to_4,3_to_4,3_to_4,3_to_4,3_to_4,3_to_4,3_to_4,3_to_4,3_to_4,3_to_4
194034,5_to_6,5_to_6,3_to_4,3_to_4,3_to_4,3_to_4,1_to_2,1_to_2,3_to_4,3_to_4,1_to_2,3_to_4,5_to_6,3_to_4,3_to_4,5_to_6
197207,3_to_4,3_to_4,3_to_4,1_to_2,5_to_6,3_to_4,3_to_4,3_to_4,3_to_4,1_to_2,1_to_2,3_to_4,3_to_4,1_to_2,1_to_2,3_to_4
197629,5_to_6,5_to_6,1_to_2,3_to_4,3_to_4,3_to_4,5_to_6,5_to_6,3_to_4,3_to_4,3_to_4,1_to_2,3_to_4,3_to_4,3_to_4,3_to_4
198651,1_to_2,3_to_4,1_to_2,5_to_6,3_to_4,3_to_4,5_to_6,1_to_2,3_to_4,3_to_4,5_to_6,5_to_6,1_to_2,5_to_6,1_to_2,1_to_2
202777,1_to_2,3_to_4,3_to_4,3_to_4,3_to_4,3_to_4,1_to_2,1_to_2,1_to_2,3_to_4,1_to_2,3_to_4,3_to_4,3_to_4,3_to_4,1_to_2
203083,3_to_4,1_to_2,3_to_4,1_to_2,3_to_4,3_to_4,3_to_4,1_to_2,1_to_2,3_to_4,3_to_4,3_to_4,1_to_2,3_to_4,1_to_2,3_to_4
203299,5_to_6,5_to_6,3_to_4,1_to_2,1_to_2,No ans.,5_to_6,1_to_2,5_to_6,1_to_2,1_to_2,1_to_2,3_to_4,5_to_6,1_to_2,3_to_4
204266,1_to_2,1_to_2,3_to_4,5_to_6,3_to_4,3_to_4,3_to_4,3_to_4,3_to_4,3_to_4,3_to_4,3_to_4,1_to_2,3_to_4,1_to_2,1_to_2
204729,3_to_4,5_to_6,1_to_2,1_to_2,5_to_6,5_to_6,1_to_2,5_to_6,1_to_2,1_to_2,5_to_6,3_to_4,1_to_2,3_to_4,3_to_4,1_to_2
205422,1_to_2,5_to_6,1_to_2,1_to_2,5_to_6,5_to_6,5_to_6,5_to_6,3_to_4,3_to_4,5_to_6,3_to_4,1_to_2,5_to_6,No ans.,3_to_4
205522,3_to_4,3_to_4,1_to_2,3_to_4,3_to_4,3_to_4,5_to_6,3_to_4,3_to_4,3_to_4,3_to_4,3_to_4,3_to_4,5_to_6,3_to_4,1_to_2
205600,3_to_4,5_to_6,1_to_2,1_to_2,5_to_6,5_to_6,No ans.,3_to_4,5_to_6,5_to_6,5_to_6,3_to_4,1_to_2,1_to_2,5_to_6,1_to_2
205967,1_to_2,1_to_2,1_to_2,3_to_4,1_to_2,3_to_4,3_to_4,5_to_6,3_to_4,1_to_2,5_to_6,5_to_6,5_to_6,5_to_6,5_to_6,1_to_2
207676,3_to_4,3_to_4,3_to_4,1_to_2,3_to_4,3_to_4,3_to_4,3_to_4,1_to_2,3_to_4,3_to_4,1_to_2,3_to_4,3_to_4,3_to_4,3_to_4
207956,5_to_6,5_to_6,5_to_6,1_to_2,1_to_2,3_to_4,3_to_4,5_to_6,3_to_4,5_to_6,5_to_6,3_to_4,1_to_2,3_to_4,3_to_4,3_to_4
208386,3_to_4,3_to_4,1_to_2,1_to_2,5_to_6,3_to_4,3_to_4,3_to_4,3_to_4,3_to_4,5_to_6,5_to_6,1_to_2,3_to_4,3_to_4,3_to_4
208995,1_to_2,5_to_6,3_to_4,3_to_4,1_to_2,3_to_4,3_to_4,3_to_4,1_to_2,3_to_4,5_to_6,5_to_6,1_to_2,1_to_2,1_to_2,3_to_4
210376,3_to_4,5_to_6,3_to_4,3_to_4,1_to_2,1_to_2,3_to_4,5_to_6,3_to_4,1_to_2,3_to_4,5_to_6,5_to_6,3_to_4,5_to_6,1_to_2
210391,No ans.,5_to_6,3_to_4,1_to_2,5_to_6,5_to_6,3_to_4,5_to_6,3_to_4,1_to_2,3_to_4,1_to_2,5_to_6,5_to_6,5_to_6,1_to_2
211471,1_to_2,1_to_2,1_to_2,1_to_2,1_to_2,5_to_6,1_to_2,1_to_2,5_to_6,1_to_2,1_to_2,1_to_2,1_to_2,1_to_2,No ans.,5_to_6
211482,5_to_6,5_to_6,1_to_2,1_to_2,1_to_2,5_to_6,3_to_4,5_to_6,3_to_4,3_to_4,5_to_6,1_to_2,1_to_2,5_to_6,1_to_2,1_to_2
212916,3_to_4,3_to_4,3_to_4,1_to_2,5_to_6,5_to_6,3_to_4,3_to_4,5_to_6,5_to_6,5_to_6,3_to_4,5_to_6,3_to_4,5_to_6,3_to_4
215878,1_to_2,5_to_6,1_to_2,1_to_2,1_to_2,5_to_6,1_to_2,1_to_2,1_to_2,3_to_4,5_to_6,3_to_4,3_to_4,5_to_6,5_to_6,3_to_4
216122,3_to_4,5_to_6,3_to_4,1_to_2,5_to_6,5_to_6,5_to_6,5_to_6,3_to_4,3_to_4,1_to_2,3_to_4,5_to_6,5_to_6,5_to_6,3_to_4
217210,1_to_2,1_to_2,3_to_4,3_to_4,3_to_4,5_to_6,3_to_4,1_to_2,3_to_4,1_to_2,1_to_2,3_to_4,3_to_4,3_to_4,1_to_2,5_to_6
217589,1_to_2,3_to_4,3_to_4,1_to_2,1_to_2,No ans.,1_to_2,1_to_2,1_to_2,1_to_2,1_to_2,1_to_2,5_to_6,5_to_6,3_to_4,1_to_2
221295,3_to_4,5_to_6,5_to_6,1_to_2,1_to_2,5_to_6,1_to_2,3_to_4,1_to_2,5_to_6,5_to_6,5_to_6,1_to_2,1_to_2,1_to_2,3_to_4
223933,3_to_4,1_to_2,1_to_2,1_to_2,1_to_2,3_to_4,5_to_6,5_to_6,1_to_2,1_to_2,3_to_4,5_to_6,3_to_4,3_to_4,5_to_6,3_to_4
224015,1_to_2,3_to_4,1_to_2,1_to_2,3_to_4,1_to_2,3_to_4,1_to_2,5_to_6,1_to_2,5_to_6,3_to_4,1_to_2,1_to_2,1_to_2,1_to_2
224379,1_to_2,1_to_2,1_to_2,3_to_4,1_to_2,5_to_6,5_to_6,1_to_2,3_to_4,1_to_2,1_to_2,1_to_2,1_to_2,3_to_4,1_to_2,3_to_4
224462,5_to_6,1_to_2,5_to_6,5_to_6,No ans.,3_to_4,3_to_4,5_to_6,1_to_2,3_to_4,3_to_4,3_to_4,1_to_2,3_to_4,3_to_4,5_to_6
225900,5_to_6,5_to_6,1_to_2,1_to_2,1_to_2,5_to_6,1_to_2,5_to_6,No ans.,5_to_6,5_to_6,5_to_6,1_to_2,3_to_4,5_to_6,5_to_6
225938,5_to_6,5_to_6,1_to_2,3_to_4,3_to_4,5_to_6,3_to_4,3_to_4,3_to_4,3_to_4,3_to_4,5_to_6,5_to_6,5_to_6,5_to_6,5_to_6
226940,1_to_2,1_to_2,3_to_4,3_to_4,3_to_4,3_to_4,3_to_4,3_to_4,1_to_2,3_to_4,3_to_4,3_to_4,5_to_6,3_to_4,3_to_4,3_to_4
227256,1_to_2,1_to_2,1_to_2,1_to_2,1_to_2,1_to_2,1_to_2,1_to_2,1_to_2,1_to_2,1_to_2,1_to_2,1_to_2,1_to_2,1_to_2,1_to_2
228325,1_to_2,3_to_4,3_to_4,1_to_2,3_to_4,3_to_4,3_to_4,1_to_2,3_to_4,1_to_2,1_to_2,3_to_4,3_to_4,3_to_4,1_to_2,1_to_2
229306,No ans.,3_to_4,1_to_2,No ans.,1_to_2,No ans.,1_to_2,1_to_2,1_to_2,1_to_2,1_to_2,3_to_4,1_to_2,3_to_4,1_to_2,1_to_2
230639,3_to_4,3_to_4,1_to_2,3_to_4,1_to_2,3_to_4,3_to_4,5_to_6,3_to_4,3_to_4,3_to_4,5_to_6,1_to_2,3_to_4,3_to_4,3_to_4
230926,1_to_2,1_to_2,1_to_2,1_to_2,3_to_4,5_to_6,1_to_2,1_to_2,3_to_4,1_to_2,3_to_4,3_to_4,1_to_2,1_to_2,5_to_6,3_to_4
231712,3_to_4,1_to_2,3_to_4,3_to_4,5_to_6,5_to_6,1_to_2,1_to_2,1_to_2,1_to_2,3_to_4,5_to_6,1_to_2,1_to_2,1_to_2,1_to_2
232335,3_to_4,5_to_6,1_to_2,1_to_2,5_to_6,3_to_4,5_to_6,3_to_4,3_to_4,1_to_2,5_to_6,1_to_2,1_to_2,3_to_4,3_to_4,3_to_4
234319,1_to_2,3_to_4,5_to_6,1_to_2,3_to_4,5_to_6,3_to_4,3_to_4,3_to_4,1_to_2,3_to_4,3_to_4,3_to_4,3_to_4,5_to_6,1_to_2
234607,1_to_2,No ans.,1_to_2,1_to_2,1_to_2,1_to_2,1_to_2,1_to_2,5_to_6,1_to_2,3_to_4,5_to_6,1_to_2,1_to_2,1_to_2,1_to_2
237362,5_to_6,5_to_6,1_to_2,5_to_6,3_to_4,3_to_4,5_to_6,3_to_4,3_to_4,5_to_6,1_to_2,3_to_4,5_to_6,5_to_6,5_to_6,5_to_6
238316,5_to_6,5_to_6,1_to_2,3_to_4,3_to_4,5_to_6,3_to_4,3_to_4,3_to_4,3_to_4,3_to_4,5_to_6,1_to_2,5_to_6,5_to_6,3_to_4
238432,5_to_6,5_to_6,1_to_2,5_to_6,1_to_2,3_to_4,3_to_4,5_to_6,3_to_4,3_to_4,3_to_4,5_to_6,1_to_2,1_to_2,1_to_2,5_to_6
239660,3_to_4,3_to_4,3_to_4,1_to_2,1_to_2,3_to_4,3_to_4,3_to_4,3_to_4,1_to_2,3_to_4,3_to_4,3_to_4,3_to_4,3_to_4,3_to_4
240317,5_to_6,5_to_6,1_to_2,1_to_2,1_to_2,3_to_4,1_to_2,3_to_4,3_to_4,1_to_2,1_to_2,5_to_6,5_to_6,3_to_4,1_to_2,5_to_6
240474,3_to_4,5_to_6,1_to_2,1_to_2,1_to_2,5_to_6,1_to_2,3_to_4,3_to_4,1_to_2,3_to_4,3_to_4,3_to_4,1_to_2,1_to_2,3_to_4
240821,3_to_4,3_to_4,1_to_2,3_to_4,5_to_6,3_to_4,3_to_4,3_to_4,3_to_4,3_to_4,5_to_6,3_to_4,3_to_4,3_to_4,3_to_4,3_to_4
240958,3_to_4,5_to_6,3_to_4,3_to_4,5_to_6,3_to_4,3_to_4,3_to_4,3_to_4,3_to_4,3_to_4,3_to_4,1_to_2,3_to_4,3_to_4,1_to_2
242863,3_to_4,5_to_6,1_to_2,1_to_2,5_to_6,3_to_4,3_to_4,3_to_4,1_to_2,3_to_4,5_to_6,3_to_4,5_to_6,3_to_4,3_to_4,5_to_6
243377,1_to_2,3_to_4,1_to_2,1_to_2,1_to_2,3_to_4,1_to_2,1_to_2,1_to_2,1_to_2,1_to_2,3_to_4,1_to_2,3_to_4,1_to_2,3_to_4
243601,1_to_2,3_to_4,3_to_4,5_to_6,5_to_6,5_to_6,5_to_6,3_to_4,3_to_4,5_to_6,5_to_6,3_to_4,5_to_6,1_to_2,3_to_4,3_to_4
244166,1_to_2,5_to_6,1_to_2,3_to_4,5_to_6,3_to_4,3_to_4,3_to_4,1_to_2,3_to_4,5_to_6,3_to_4,5_to_6,5_to_6,3_to_4,3_to_4
244268,3_to_4,3_to_4,1_to_2,5_to_6,5_to_6,5_to_6,5_to_6,5_to_6,5_to_6,5_to_6,3_to_4,5_to_6,5_to_6,5_to_6,5_to_6,5_to_6
244828,3_to_4,5_to_6,1_to_2,1_to_2,1_to_2,5_to_6,1_to_2,5_to_6,1_to_2,1_to_2,5_to_6,5_to_6,3_to_4,3_to_4,5_to_6,1_to_2
244920,1_to_2,1_to_2,1_to_2,1_to_2,No ans.,3_to_4,1_to_2,3_to_4,1_to_2,1_to_2,3_to_4,5_to_6,5_to_6,3_to_4,No ans.,1_to_2
245496,5_to_6,5_to_6,3_to_4,1_to_2,1_to_2,3_to_4,3_to_4,3_to_4,3_to_4,1_to_2,3_to_4,3_to_4,1_to_2,3_to_4,3_to_4,3_to_4
246001,3_to_4,3_to_4,1_to_2,5_to_6,1_to_2,3_to_4,5_to_6,1_to_2,5_to_6,1_to_2,1_to_2,3_to_4,3_to_4,3_to_4,1_to_2,3_to_4
246224,3_to_4,5_to_6,5_to_6,3_to_4,5_to_6,3_to_4,3_to_4,3_to_4,1_to_2,1_to_2,3_to_4,5_to_6,1_to_2,1_to_2,1_to_2,3_to_4
247417,5_to_6,5_to_6,1_to_2,3_to_4,3_to_4,3_to_4,5_to_6,5_to_6,1_to_2,5_to_6,1_to_2,3_to_4,5_to_6,5_to_6,3_to_4,1_to_2
248834,3_to_4,3_to_4,3_to_4,1_to_2,3_to_4,3_to_4,1_to_2,3_to_4,No ans.,1_to_2,1_to_2,3_to_4,3_to_4,5_to_6,1_to_2,5_to_6
249144,3_to_4,3_to_4,1_to_2,3_to_4,3_to_4,5_to_6,5_to_6,3_to_4,1_to_2,1_to_2,3_to_4,5_to_6,5_to_6,5_to_6,3_to_4,3_to_4
249222,1_to_2,3_to_4,1_to_2,5_to_6,5_to_6,No ans.,3_to_4,3_to_4,1_to_2,3_to_4,5_to_6,3_to_4,1_to_2,5_to_6,3_to_4,1_to_2
249346,1_to_2,1_to_2,1_to_2,5_to_6,5_to_6,3_to_4,3_to_4,1_to_2,1_to_2,3_to_4,3_to_4,5_to_6,1_to_2,3_to_4,1_to_2,5_to_6
249466,3_to_4,3_to_4,3_to_4,1_to_2,5_to_6,3_to_4,1_to_2,1_to_2,5_to_6,5_to_6,3_to_4,5_to_6,1_to_2,5_to_6,3_to_4,1_to_2
250158,3_to_4,5_to_6,1_to_2,1_to_2,1_to_2,1_to_2,1_to_2,3_to_4,1_to_2,1_to_2,1_to_2,5_to_6,3_to_4,3_to_4,1_to_2,3_to_4
252099,3_to_4,5_to_6,1_to_2,3_to_4,1_to_2,5_to_6,1_to_2,5_to_6,1_to_2,1_to_2,1_to_2,3_to_4,1_to_2,3_to_4,5_to_6,5_to_6
252302,1_to_2,1_to_2,3_to_4,3_to_4,3_to_4,3_to_4,3_to_4,1_to_2,1_to_2,1_to_2,1_to_2,1_to_2,1_to_2,3_to_4,1_to_2,3_to_4
252810,5_to_6,5_to_6,5_to_6,3_to_4,1_to_2,5_to_6,3_to_4,5_to_6,5_to_6,5_to_6,3_to_4,5_to_6,5_to_6,5_to_6,3_to_4,5_to_6
255612,3_to_4,1_to_2,5_to_6,1_to_2,5_to_6,5_to_6,5_to_6,3_to_4,3_to_4,5_to_6,5_to_6,5_to_6,5_to_6,5_to_6,5_to_6,5_to_6
256353,1_to_2,5_to_6,3_to_4,3_to_4,5_to_6,3_to_4,3_to_4,3_to_4,5_to_6,3_to_4,3_to_4,3_to_4,5_to_6,5_to_6,5_to_6,3_to_4
256474,3_to_4,3_to_4,1_to_2,3_to_4,3_to_4,3_to_4,3_to_4,3_to_4,3_to_4,3_to_4,3_to_4,1_to_2,3_to_4,3_to_4,5_to_6,5_to_6
261391,1_to_2,3_to_4,1_to_2,1_to_2,3_to_4,3_to_4,1_to_2,3_to_4,3_to_4,1_to_2,3_to_4,3_to_4,5_to_6,3_to_4,1_to_2,5_to_6
261918,5_to_6,5_to_6,3_to_4,3_to_4,5_to_6,5_to_6,5_to_6,1_to_2,1_to_2,5_to_6,1_to_2,5_to_6,5_to_6,1_to_2,1_to_2,1_to_2
263093,5_to_6,5_to_6,3_to_4,1_to_2,1_to_2,3_to_4,1_to_2,3_to_4,3_to_4,1_to_2,3_to_4,5_to_6,1_to_2,3_to_4,3_to_4,5_to_6
265425,3_to_4,3_to_4,3_to_4,1_to_2,5_to_6,5_to_6,1_to_2,3_to_4,3_to_4,3_to_4,5_to_6,5_to_6,1_to_2,5_to_6,1_to_2,1_to_2
266059,3_to_4,5_to_6,1_to_2,3_to_4,1_to_2,3_to_4,3_to_4,3_to_4,3_to_4,5_to_6,5_to_6,3_to_4,5_to_6,5_to_6,1_to_2,5_to_6
266774,3_to_4,3_to_4,3_to_4,5_to_6,3_to_4,5_to_6,1_to_2,1_to_2,1_to_2,3_to_4,1_to_2,3_to_4,5_to_6,5_to_6,1_to_2,1_to_2
269138,1_to_2,1_to_2,3_to_4,1_to_2,3_to_4,3_to_4,3_to_4,3_to_4,3_to_4,1_to_2,3_to_4,3_to_4,1_to_2,3_to_4,5_to_6,5_to_6
269499,3_to_4,1_to_2,1_to_2,1_to_2,1_to_2,1_to_2,1_to_2,1_to_2,1_to_2,1_to_2,3_to_4,1_to_2,1_to_2,5_to_6,1_to_2,1_to_2
270054,1_to_2,5_to_6,3_to_4,1_to_2,5_to_6,3_to_4,3_to_4,1_to_2,1_to_2,1_to_2,1_to_2,3_to_4,1_to_2,3_to_4,1_to_2,5_to_6
270331,1_to_2,1_to_2,1_to_2,1_to_2,1_to_2,1_to_2,1_to_2,1_to_2,3_to_4,1_to_2,1_to_2,3_to_4,3_to_4,5_to_6,5_to_6,1_to_2
271665,1_to_2,1_to_2,5_to_6,1_to_2,5_to_6,5_to_6,3_to_4,3_to_4,3_to_4,1_to_2,5_to_6,5_to_6,5_to_6,5_to_6,1_to_2,1_to_2
271688,3_to_4,5_to_6,1_to_2,1_to_2,3_to_4,3_to_4,3_to_4,5_to_6,1_to_2,1_to_2,1_to_2,3_to_4,1_to_2,3_to_4,5_to_6,3_to_4
273205,1_to_2,3_to_4,3_to_4,1_to_2,1_to_2,3_to_4,3_to_4,3_to_4,3_to_4,1_to_2,3_to_4,3_to_4,1_to_2,3_to_4,1_to_2,3_to_4
273460,3_to_4,5_to_6,1_to_2,3_to_4,1_to_2,5_to_6,5_to_6,5_to_6,1_to_2,1_to_2,5_to_6,1_to_2,5_to_6,5_to_6,5_to_6,3_to_4
274471,3_to_4,5_to_6,3_to_4,1_to_2,5_to_6,5_to_6,3_to_4,3_to_4,1_to_2,3_to_4,3_to_4,5_to_6,3_to_4,5_to_6,3_to_4,3_to_4
274567,1_to_2,5_to_6,1_to_2,5_to_6,No ans.,1_to_2,1_to_2,No ans.,1_to_2,No ans.,No ans.,5_to_6,No ans.,No ans.,1_to_2,No ans.
275911,5_to_6,1_to_2,1_to_2,5_to_6,5_to_6,5_to_6,1_to_2,5_to_6,3_to_4,3_to_4,5_to_6,3_to_4,1_to_2,5_to_6,5_to_6,5_to_6
278753,3_to_4,3_to_4,1_to_2,5_to_6,5_to_6,5_to_6,3_to_4,5_to_6,1_to_2,1_to_2,5_to_6,3_to_4,1_to_2,5_to_6,3_to_4,1_to_2
278961,3_to_4,3_to_4,3_to_4,5_to_6,1_to_2,5_to_6,3_to_4,5_to_6,5_to_6,5_to_6,3_to_4,3_to_4,3_to_4,5_to_6,5_to_6,5_to_6
281233,1_to_2,1_to_2,1_to_2,3_to_4,3_to_4,3_to_4,3_to_4,1_to_2,1_to_2,1_to_2,3_to_4,3_to_4,1_to_2,3_to_4,1_to_2,1_to_2
281994,5_to_6,5_to_6,1_to_2,1_to_2,5_to_6,5_to_6,1_to_2,5_to_6,1_to_2,5_to_6,5_to_6,1_to_2,5_to_6,1_to_2,5_to_6,1_to_2
284561,3_to_4,5_to_6,1_to_2,5_to_6,5_to_6,3_to_4,3_to_4,3_to_4,1_to_2,3_to_4,3_to_4,3_to_4,5_to_6,3_to_4,3_to_4,5_to_6
285825,3_to_4,3_to_4,3_to_4,3_to_4,5_to_6,5_to_6,1_to_2,3_to_4,5_to_6,1_to_2,3_to_4,3_to_4,3_to_4,3_to_4,3_to_4,5_to_6
288581,1_to_2,5_to_6,3_to_4,1_to_2,1_to_2,5_to_6,3_to_4,5_to_6,1_to_2,1_to_2,3_to_4,1_to_2,1_to_2,1_to_2,1_to_2,3_to_4
289279,3_to_4,5_to_6,1_to_2,1_to_2,5_to_6,5_to_6,1_to_2,5_to_6,1_to_2,1_to_2,5_to_6,5_to_6,1_to_2,5_to_6,5_to_6,5_to_6
295581,1_to_2,5_to_6,1_to_2,5_to_6,5_to_6,5_to_6,1_to_2,5_to_6,1_to_2,5_to_6,5_to_6,1_to_2,5_to_6,1_to_2,3_to_4,5_to_6
297532,3_to_4,3_to_4,3_to_4,3_to_4,1_to_2,5_to_6,1_to_2,1_to_2,5_to_6,3_to_4,3_to_4,3_to_4,1_to_2,1_to_2,1_to_2,3_to_4
298971,5_to_6,5_to_6,1_to_2,1_to_2,No ans.,5_to_6,3_to_4,1_to_2,1_to_2,1_to_2,1_to_2,5_to_6,5_to_6,No ans.,1_to_2,1_to_2
299168,1_to_2,1_to_2,1_to_2,3_to_4,5_to_6,5_to_6,5_to_6,3_to_4,5_to_6,1_to_2,3_to_4,3_to_4,1_to_2,5_to_6,3_to_4,5_to_6
299600,3_to_4,5_to_6,3_to_4,3_to_4,3_to_4,3_to_4,3_to_4,3_to_4,3_to_4,3_to_4,3_to_4,1_to_2,5_to_6,3_to_4,3_to_4,3_to_4
300998,3_to_4,5_to_6,1_to_2,1_to_2,3_to_4,5_to_6,5_to_6,3_to_4,1_to_2,5_to_6,1_to_2,5_to_6,1_to_2,1_to_2,1_to_2,5_to_6
302164,1_to_2,3_to_4,3_to_4,5_to_6,5_to_6,5_to_6,No ans.,5_to_6,3_to_4,3_to_4,5_to_6,5_to_6,3_to_4,1_to_2,1_to_2,5_to_6
302517,3_to_4,3_to_4,3_to_4,5_to_6,5_to_6,5_to_6,3_to_4,5_to_6,1_to_2,5_to_6,5_to_6,3_to_4,3_to_4,3_to_4,3_to_4,5_to_6
303408,5_to_6,3_to_4,1_to_2,3_to_4,5_to_6,3_to_4,3_to_4,3_to_4,3_to_4,3_to_4,3_to_4,3_to_4,1_to_2,3_to_4,3_to_4,1_to_2
303529,3_to_4,5_to_6,5_to_6,1_to_2,5_to_6,5_to_6,1_to_2,5_to_6,3_to_4,5_to_6,5_to_6,5_to_6,5_to_6,1_to_2,3_to_4,5_to_6
306352,5_to_6,5_to_6,1_to_2,1_to_2,5_to_6,5_to_6,1_to_2,5_to_6,1_to_2,1_to_2,5_to_6,5_to_6,5_to_6,1_to_2,5_to_6,5_to_6
307217,3_to_4,1_to_2,1_to_2,1_to_2,1_to_2,3_to_4,1_to_2,3_to_4,3_to_4,1_to_2,1_to_2,3_to_4,5_to_6,3_to_4,1_to_2,3_to_4
312535,3_to_4,5_to_6,1_to_2,1_to_2,5_to_6,5_to_6,5_to_6,5_to_6,3_to_4,1_to_2,1_to_2,3_to_4,5_to_6,5_to_6,5_to_6,5_to_6
313765,1_to_2,1_to_2,5_to_6,3_to_4,5_to_6,5_to_6,5_to_6,1_to_2,3_to_4,3_to_4,3_to_4,3_to_4,1_to_2,3_to_4,1_to_2,3_to_4
314395,3_to_4,3_to_4,3_to_4,1_to_2,3_to_4,5_to_6,5_to_6,5_to_6,5_to_6,5_to_6,5_to_6,3_to_4,5_to_6,5_to_6,3_to_4,5_to_6
314914,1_to_2,5_to_6,3_to_4,1_to_2,5_to_6,3_to_4,3_to_4,3_to_4,3_to_4,1_to_2,5_to_6,3_to_4,1_to_2,3_to_4,1_to_2,1_to_2
315211,1_to_2,5_to_6,3_to_4,3_to_4,3_to_4,3_to_4,3_to_4,1_to_2,1_to_2,3_to_4,No ans.,5_to_6,5_to_6,3_to_4,1_to_2,5_to_6
315907,3_to_4,5_to_6,3_to_4,3_to_4,3_to_4,5_to_6,3_to_4,3_to_4,3_to_4,3_to_4,3_to_4,3_to_4,1_to_2,1_to_2,1_to_2,3_to_4
315933,1_to_2,1_to_2,3_to_4,1_to_2,5_to_6,1_to_2,3_to_4,1_to_2,3_to_4,1_to_2,3_to_4,5_to_6,1_to_2,3_to_4,1_to_2,3_to_4
316347,3_to_4,5_to_6,3_to_4,3_to_4,3_to_4,5_to_6,3_to_4,1_to_2,5_to_6,3_to_4,3_to_4,5_to_6,1_to_2,3_to_4,3_to_4,1_to_2
316522,1_to_2,5_to_6,1_to_2,5_to_6,1_to_2,3_to_4,1_to_2,3_to_4,5_to_6,3_to_4,1_to_2,3_to_4,3_to_4,3_to_4,5_to_6,1_to_2
317297,1_to_2,1_to_2,1_to_2,1_to_2,1_to_2,5_to_6,5_to_6,1_to_2,1_to_2,1_to_2,5_to_6,1_to_2,1_to_2,3_to_4,3_to_4,5_to_6
319132,3_to_4,3_to_4,3_to_4,3_to_4,5_to_6,3_to_4,1_to_2,3_to_4,3_to_4,3_to_4,3_to_4,3_to_4,1_to_2,1_to_2,1_to_2,3_to_4
319343,1_to_2,3_to_4,1_to_2,1_to_2,5_to_6,3_to_4,1_to_2,1_to_2,3_to_4,1_to_2,3_to_4,1_to_2,1_to_2,3_to_4,1_to_2,1_to_2
319363,1_to_2,3_to_4,1_to_2,3_to_4,3_to_4,5_to_6,3_to_4,5_to_6,5_to_6,3_to_4,5_to_6,1_to_2,1_to_2,3_to_4,3_to_4,5_to_6
319575,1_to_2,3_to_4,3_to_4,1_to_2,1_to_2,5_to_6,3_to_4,1_to_2,3_to_4,1_to_2,1_to_2,5_to_6,1_to_2,5_to_6,3_to_4,5_to_6
320032,3_to_4,1_to_2,1_to_2,5_to_6,3_to_4,3_to_4,3_to_4,3_to_4,3_to_4,1_to_2,3_to_4,5_to_6,3_to_4,5_to_6,5_to_6,3_to_4
320655,3_to_4,5_to_6,1_to_2,1_to_2,5_to_6,5_to_6,3_to_4,3_to_4,3_to_4,1_to_2,5_to_6,3_to_4,1_to_2,5_to_6,5_to_6,5_to_6
321129,3_to_4,1_to_2,3_to_4,3_to_4,3_to_4,3_to_4,3_to_4,3_to_4,3_to_4,3_to_4,1_to_2,5_to_6,5_to_6,5_to_6,3_to_4,1_to_2
322792,5_to_6,5_to_6,1_to_2,5_to_6,3_to_4,5_to_6,3_to_4,3_to_4,1_to_2,5_to_6,5_to_6,5_to_6,5_to_6,1_to_2,1_to_2,5_to_6
324246,1_to_2,3_to_4,1_to_2,1_to_2,1_to_2,5_to_6,3_to_4,3_to_4,3_to_4,3_to_4,3_to_4,1_to_2,1_to_2,5_to_6,1_to_2,3_to_4
326438,1_to_2,No ans.,5_to_6,5_to_6,3_to_4,No ans.,3_to_4,1_to_2,1_to_2,1_to_2,3_to_4,5_to_6,1_to_2,5_to_6,1_to_2,3_to_4
328381,5_to_6,5_to_6,1_to_2,1_to_2,3_to_4,5_to_6,5_to_6,3_to_4,5_to_6,1_to_2,5_to_6,3_to_4,1_to_2,5_to_6,5_to_6,3_to_4
328484,1_to_2,1_to_2,1_to_2,1_to_2,1_to_2,5_to_6,1_to_2,1_to_2,1_to_2,1_to_2,5_to_6,1_to_2,1_to_2,1_to_2,1_to_2,1_to_2
329220,1_to_2,3_to_4,1_to_2,3_to_4,5_to_6,1_to_2,3_to_4,1_to_2,5_to_6,1_to_2,3_to_4,3_to_4,1_to_2,3_to_4,1_to_2,3_to_4
329443,3_to_4,3_to_4,1_to_2,1_to_2,3_to_4,3_to_4,3_to_4,3_to_4,3_to_4,3_to_4,3_to_4,3_to_4,3_to_4,3_to_4,1_to_2,3_to_4
330506,3_to_4,3_to_4,3_to_4,1_to_2,5_to_6,3_to_4,3_to_4,3_to_4,3_to_4,1_to_2,3_to_4,3_to_4,3_to_4,3_to_4,1_to_2,1_to_2
332991,1_to_2,5_to_6,3_to_4,1_to_2,1_to_2,1_to_2,1_to_2,1_to_2,1_to_2,1_to_2,1_to_2,1_to_2,1_to_2,3_to_4,1_to_2,1_to_2
334647,1_to_2,1_to_2,3_to_4,1_to_2,1_to_2,5_to_6,3_to_4,3_to_4,1_to_2,1_to_2,3_to_4,3_to_4,1_to_2,1_to_2,1_to_2,1_to_2
335868,3_to_4,5_to_6,1_to_2,1_to_2,5_to_6,5_to_6,5_to_6,3_to_4,1_to_2,3_to_4,5_to_6,1_to_2,1_to_2,5_to_6,3_to_4,3_to_4
336339,3_to_4,3_to_4,1_to_2,3_to_4,3_to_4,3_to_4,5_to_6,3_to_4,3_to_4,3_to_4,3_to_4,3_to_4,3_to_4,5_to_6,3_to_4,3_to_4
336744,1_to_2,3_to_4,3_to_4,1_to_2,3_to_4,3_to_4,3_to_4,1_to_2,1_to_2,1_to_2,3_to_4,3_to_4,3_to_4,5_to_6,3_to_4,1_to_2
337494,1_to_2,1_to_2,5_to_6,1_to_2,5_to_6,5_to_6,5_to_6,1_to_2,1_to_2,1_to_2,1_to_2,1_to_2,1_to_2,3_to_4,1_to_2,1_to_2
338326,3_to_4,5_to_6,3_to_4,5_to_6,3_to_4,3_to_4,3_to_4,1_to_2,1_to_2,3_to_4,1_to_2,3_to_4,1_to_2,3_to_4,1_to_2,3_to_4
338510,5_to_6,3_to_4,1_to_2,1_to_2,1_to_2,1_to_2,3_to_4,1_to_2,1_to_2,1_to_2,1_to_2,3_to_4,5_to_6,3_to_4,1_to_2,5_to_6
339082,1_to_2,3_to_4,3_to_4,1_to_2,5_to_6,5_to_6,3_to_4,3_to_4,1_to_2,1_to_2,5_to_6,5_to_6,5_to_6,5_to_6,1_to_2,3_to_4
339166,3_to_4,5_to_6,3_to_4,3_to_4,3_to_4,3_to_4,3_to_4,3_to_4,5_to_6,3_to_4,3_to_4,3_to_4,5_to_6,5_to_6,3_to_4,3_to_4
339317,3_to_4,3_to_4,3_to_4,1_to_2,1_to_2,3_to_4,1_to_2,1_to_2,1_to_2,1_to_2,1_to_2,1_to_2,5_to_6,3_to_4,1_to_2,5_to_6
340777,1_to_2,3_to_4,1_to_2,1_to_2,5_to_6,3_to_4,1_to_2,3_to_4,1_to_2,3_to_4,5_to_6,5_to_6,5_to_6,5_to_6,3_to_4,3_to_4
340844,3_to_4,3_to_4,1_to_2,5_to_6,5_to_6,3_to_4,1_to_2,3_to_4,3_to_4,1_to_2,3_to_4,3_to_4,1_to_2,1_to_2,1_to_2,3_to_4
341306,5_to_6,5_to_6,1_to_2,1_to_2,1_to_2,5_to_6,1_to_2,1_to_2,1_to_2,1_to_2,1_to_2,3_to_4,1_to_2,1_to_2,1_to_2,1_to_2
341974,1_to_2,1_to_2,1_to_2,1_to_2,1_to_2,1_to_2,5_to_6,1_to_2,3_to_4,1_to_2,1_to_2,1_to_2,3_to_4,3_to_4,1_to_2,3_to_4
342147,3_to_4,5_to_6,1_to_2,3_to_4,3_to_4,5_to_6,1_to_2,3_to_4,5_to_6,3_to_4,3_to_4,3_to_4,5_to_6,3_to_4,5_to_6,3_to_4
342494,3_to_4,3_to_4,3_to_4,1_to_2,1_to_2,3_to_4,3_to_4,3_to_4,1_to_2,1_to_2,1_to_2,5_to_6,1_to_2,5_to_6,5_to_6,3_to_4
342809,3_to_4,5_to_6,No ans.,No ans.,No ans.,No ans.,No ans.,3_to_4,No ans.,No ans.,No ans.,No ans.,No ans.,No ans.,5_to_6,1_to_2
343149,3_to_4,5_to_6,3_to_4,1_to_2,1_to_2,1_to_2,1_to_2,1_to_2,1_to_2,1_to_2,1_to_2,1_to_2,5_to_6,1_to_2,1_to_2,3_to_4
343513,1_to_2,3_to_4,1_to_2,3_to_4,5_to_6,5_to_6,1_to_2,1_to_2,1_to_2,1_to_2,5_to_6,5_to_6,5_to_6,5_to_6,3_to_4,1_to_2
343647,3_to_4,No ans.,1_to_2,3_to_4,3_to_4,3_to_4,1_to_2,1_to_2,1_to_2,3_to_4,1_to_2,1_to_2,5_to_6,1_to_2,3_to_4,5_to_6
343855,1_to_2,5_to_6,3_to_4,1_to_2,3_to_4,3_to_4,3_to_4,3_to_4,5_to_6,1_to_2,3_to_4,3_to_4,1_to_2,1_to_2,1_to_2,1_to_2
,,,,,,,,,,,,,,,,
,,,,,,,,,,,,,,,,
,,,,,,,,,,,,,,,,
,,,,,,,,,,,,,,,,
,,,,,,,,,,,,,,,,
,,,,,,,,,,,,,,,,
,,,,,,,,,,,,,,,,
,,,,,,,,,,,,,,,,
,,,,,,,,,,,,,,,,
,,,,,,,,,,,,,,,,
,,,,,,,,,,,,,,,,
,,,,,,,,,,,,,,,,
,,,,,,,,,,,,,,,,
,,,,,,,,,,,,,,,,
,,,,,,,,,,,,,,,,
,,,,,,,,,,,,,,,,
,,,,,,,,,,,,,,,,
,,,,,,,,,,,,,,,,
,,,,,,,,,,,,,,,,
,,,,,,,,,,,,,,,,
,,,,,,,,,,,,,,,,
,,,,,,,,,,,,,,,,
,,,,,,,,,,,,,,,,
,,,,,,,,,,,,,,,,
,,,,,,,,,,,,,,,,
,,,,,,,,,,,,,,,,
,,,,,,,,,,,,,,,,
,,,,,,,,,,,,,,,,
,,,,,,,,,,,,,,,,
,,,,,,,,,,,,,,,,
,,,,,,,,,,,,,,,,
,,,,,,,,,,,,,,,,
,,,,,,,,,,,,,,,,
,,,,,,,,,,,,,,,,
,,,,,,,,,,,,,,,,
,,,,,,,,,,,,,,,,
,,,,,,,,,,,,,,,,
,,,,,,,,,,,,,,,,
,,,,,,,,,,,,,,,,
,,,,,,,,,,,,,,,,
,,,,,,,,,,,,,,,,
,,,,,,,,,,,,,,,,
,,,,,,,,,,,,,,,,
,,,,,,,,,,,,,,,,
,,,,,,,,,,,,,,,,
,,,,,,,,,,,,,,,,
,,,,,,,,,,,,,,,,
,,,,,,,,,,,,,,,,
,,,,,,,,,,,,,,,,
,,,,,,,,,,,,,,,,
,,,,,,,,,,,,,,,,
,,,,,,,,,,,,,,,,
,,,,,,,,,,,,,,,,
,,,,,,,,,,,,,,,,
,,,,,,,,,,,,,,,,
,,,,,,,,,,,,,,,,
,,,,,,,,,,,,,,,,
,,,,,,,,,,,,,,,,
,,,,,,,,,,,,,,,,
,,,,,,,,,,,,,,,,
,,,,,,,,,,,,,,,,
,,,,,,,,,,,,,,,,
,,,,,,,,,,,,,,,,
,,,,,,,,,,,,,,,,
,,,,,,,,,,,,,,,,
,,,,,,,,,,,,,,,,
,,,,,,,,,,,,,,,,
,,,,,,,,,,,,,,,,
,,,,,,,,,,,,,,,,
,,,,,,,,,,,,,,,,
,,,,,,,,,,,,,,,,
,,,,,,,,,,,,,,,,
,,,,,,,,,,,,,,,,
,,,,,,,,,,,,,,,,
,,,,,,,,,,,,,,,,
,,,,,,,,,,,,,,,,
,,,,,,,,,,,,,,,,
,,,,,,,,,,,,,,,,
,,,,,,,,,,,,,,,,
,,,,,,,,,,,,,,,,
,,,,,,,,,,,,,,,,
,,,,,,,,,,,,,,,,
,,,,,,,,,,,,,,,,
,,,,,,,,,,,,,,,,
,,,,,,,,,,,,,,,,
,,,,,,,,,,,,,,,,
,,,,,,,,,,,,,,,,
,,,,,,,,,,,,,,,,
,,,,,,,,,,,,,,,,
,,,,,,,,,,,,,,,,
,,,,,,,,,,,,,,,,
,,,,,,,,,,,,,,,,
,,,,,,,,,,,,,,,,
,,,,,,,,,,,,,,,,
,,,,,,,,,,,,,,,,
,,,,,,,,,,,,,,,,
,,,,,,,,,,,,,,,,
,,,,,,,,,,,,,,,,
,,,,,,,,,,,,,,,,
,,,,,,,,,,,,,,,,
,,,,,,,,,,,,,,,,
,,,,,,,,,,,,,,,,
,,,,,,,,,,,,,,,,
,,,,,,,,,,,,,,,,
,,,,,,,,,,,,,,,,
,,,,,,,,,,,,,,,,
,,,,,,,,,,,,,,,,
,,,,,,,,,,,,,,,,
,,,,,,,,,,,,,,,,
,,,,,,,,,,,,,,,,
,,,,,,,,,,,,,,,,
,,,,,,,,,,,,,,,,
,,,,,,,,,,,,,,,,
,,,,,,,,,,,,,,,,
,,,,,,,,,,,,,,,,
,,,,,,,,,,,,,,,,
,,,,,,,,,,,,,,,,
,,,,,,,,,,,,,,,,
,,,,,,,,,,,,,,,,
,,,,,,,,,,,,,,,,
,,,,,,,,,,,,,,,,
,,,,,,,,,,,,,,,,
,,,,,,,,,,,,,,,,
,,,,,,,,,,,,,,,,
,,,,,,,,,,,,,,,,
,,,,,,,,,,,,,,,,
,,,,,,,,,,,,,,,,
,,,,,,,,,,,,,,,,
,,,,,,,,,,,,,,,,
,,,,,,,,,,,,,,,,
,,,,,,,,,,,,,,,,
,,,,,,,,,,,,,,,,
,,,,,,,,,,,,,,,,
,,,,,,,,,,,,,,,,
,,,,,,,,,,,,,,,,
,,,,,,,,,,,,,,,,
,,,,,,,,,,,,,,,,
,,,,,,,,,,,,,,,,
,,,,,,,,,,,,,,,,
,,,,,,,,,,,,,,,,
,,,,,,,,,,,,,,,,
,,,,,,,,,,,,,,,,
,,,,,,,,,,,,,,,,
,,,,,,,,,,,,,,,,
,,,,,,,,,,,,,,,,
,,,,,,,,,,,,,,,,
,,,,,,,,,,,,,,,,
,,,,,,,,,,,,,,,,
,,,,,,,,,,,,,,,,
,,,,,,,,,,,,,,,,
,,,,,,,,,,,,,,,,
,,,,,,,,,,,,,,,,
,,,,,,,,,,,,,,,,
,,,,,,,,,,,,,,,,
,,,,,,,,,,,,,,,,
,,,,,,,,,,,,,,,,
,,,,,,,,,,,,,,,,
,,,,,,,,,,,,,,,,
,,,,,,,,,,,,,,,,
,,,,,,,,,,,,,,,,
,,,,,,,,,,,,,,,,
,,,,,,,,,,,,,,,,
,,,,,,,,,,,,,,,,
,,,,,,,,,,,,,,,,
,,,,,,,,,,,,,,,,
,,,,,,,,,,,,,,,,
,,,,,,,,,,,,,,,,
,,,,,,,,,,,,,,,,
,,,,,,,,,,,,,,,,
,,,,,,,,,,,,,,,,
,,,,,,,,,,,,,,,,
,,,,,,,,,,,,,,,,
,,,,,,,,,,,,,,,,
,,,,,,,,,,,,,,,,
,,,,,,,,,,,,,,,,
,,,,,,,,,,,,,,,,
,,,,,,,,,,,,,,,,
,,,,,,,,,,,,,,,,
,,,,,,,,,,,,,,,,
,,,,,,,,,,,,,,,,
,,,,,,,,,,,,,,,,
,,,,,,,,,,,,,,,,
,,,,,,,,,,,,,,,,
,,,,,,,,,,,,,,,,
,,,,,,,,,,,,,,,,
,,,,,,,,,,,,,,,,
,,,,,,,,,,,,,,,,
,,,,,,,,,,,,,,,,
,,,,,,,,,,,,,,,,
,,,,,,,,,,,,,,,,
,,,,,,,,,,,,,,,,
,,,,,,,,,,,,,,,,
,,,,,,,,,,,,,,,,
,,,,,,,,,,,,,,,,
,,,,,,,,,,,,,,,,
,,,,,,,,,,,,,,,,
,,,,,,,,,,,,,,,,
,,,,,,,,,,,,,,,,
,,,,,,,,,,,,,,,,
,,,,,,,,,,,,,,,,
,,,,,,,,,,,,,,,,
,,,,,,,,,,,,,,,,
,,,,,,,,,,,,,,,,
,,,,,,,,,,,,,,,,
,,,,,,,,,,,,,,,,
,,,,,,,,,,,,,,,,
,,,,,,,,,,,,,,,,
,,,,,,,,,,,,,,,,
,,,,,,,,,,,,,,,,
,,,,,,,,,,,,,,,,
,,,,,,,,,,,,,,,,
,,,,,,,,,,,,,,,,
,,,,,,,,,,,,,,,,
,,,,,,,,,,,,,,,,
,,,,,,,,,,,,,,,,
,,,,,,,,,,,,,,,,
,,,,,,,,,,,,,,,,
,,,,,,,,,,,,,,,,
,,,,,,,,,,,,,,,,
,,,,,,,,,,,,,,,,
,,,,,,,,,,,,,,,,
,,,,,,,,,,,,,,,,
,,,,,,,,,,,,,,,,
,,,,,,,,,,,,,,,,
,,,,,,,,,,,,,,,,
,,,,,,,,,,,,,,,,
,,,,,,,,,,,,,,,,
,,,,,,,,,,,,,,,,
,,,,,,,,,,,,,,,,
,,,,,,,,,,,,,,,,
,,,,,,,,,,,,,,,,
,,,,,,,,,,,,,,,,
,,,,,,,,,,,,,,,,
,,,,,,,,,,,,,,,,
,,,,,,,,,,,,,,,,
,,,,,,,,,,,,,,,,
,,,,,,,,,,,,,,,,
,,,,,,,,,,,,,,,,
,,,,,,,,,,,,,,,,
,,,,,,,,,,,,,,,,
,,,,,,,,,,,,,,,,
,,,,,,,,,,,,,,,,
,,,,,,,,,,,,,,,,
,,,,,,,,,,,,,,,,
,,,,,,,,,,,,,,,,
,,,,,,,,,,,,,,,,
,,,,,,,,,,,,,,,,
,,,,,,,,,,,,,,,,
,,,,,,,,,,,,,,,,
,,,,,,,,,,,,,,,,
,,,,,,,,,,,,,,,,
,,,,,,,,,,,,,,,,
,,,,,,,,,,,,,,,,
,,,,,,,,,,,,,,,,
,,,,,,,,,,,,,,,,
,,,,,,,,,,,,,,,,
,,,,,,,,,,,,,,,,
,,,,,,,,,,,,,,,,
,,,,,,,,,,,,,,,,
,,,,,,,,,,,,,,,,
,,,,,,,,,,,,,,,,
,,,,,,,,,,,,,,,,
,,,,,,,,,,,,,,,,
,,,,,,,,,,,,,,,,
,,,,,,,,,,,,,,,,
,,,,,,,,,,,,,,,,
,,,,,,,,,,,,,,,,
,,,,,,,,,,,,,,,,
,,,,,,,,,,,,,,,,
,,,,,,,,,,,,,,,,
,,,,,,,,,,,,,,,,
,,,,,,,,,,,,,,,,
,,,,,,,,,,,,,,,,
,,,,,,,,,,,,,,,,
,,,,,,,,,,,,,,,,
,,,,,,,,,,,,,,,,
,,,,,,,,,,,,,,,,
,,,,,,,,,,,,,,,,
,,,,,,,,,,,,,,,,
,,,,,,,,,,,,,,,,
,,,,,,,,,,,,,,,,
,,,,,,,,,,,,,,,,
,,,,,,,,,,,,,,,,
,,,,,,,,,,,,,,,,
,,,,,,,,,,,,,,,,
,,,,,,,,,,,,,,,,
,,,,,,,,,,,,,,,,
,,,,,,,,,,,,,,,,
,,,,,,,,,,,,,,,,
,,,,,,,,,,,,,,,,
,,,,,,,,,,,,,,,,
,,,,,,,,,,,,,,,,
,,,,,,,,,,,,,,,,
,,,,,,,,,,,,,,,,
,,,,,,,,,,,,,,,,
,,,,,,,,,,,,,,,,
,,,,,,,,,,,,,,,,
,,,,,,,,,,,,,,,,
,,,,,,,,,,,,,,,,
,,,,,,,,,,,,,,,,
,,,,,,,,,,,,,,,,
,,,,,,,,,,,,,,,,
,,,,,,,,,,,,,,,,
,,,,,,,,,,,,,,,,
,,,,,,,,,,,,,,,,
,,,,,,,,,,,,,,,,
,,,,,,,,,,,,,,,,
,,,,,,,,,,,,,,,,
,,,,,,,,,,,,,,,,
,,,,,,,,,,,,,,,,
,,,,,,,,,,,,,,,,
,,,,,,,,,,,,,,,,
,,,,,,,,,,,,,,,,
,,,,,,,,,,,,,,,,
,,,,,,,,,,,,,,,,
,,,,,,,,,,,,,,,,
,,,,,,,,,,,,,,,,
,,,,,,,,,,,,,,,,
,,,,,,,,,,,,,,,,
,,,,,,,,,,,,,,,,
,,,,,,,,,,,,,,,,
,,,,,,,,,,,,,,,,
,,,,,,,,,,,,,,,,
,,,,,,,,,,,,,,,,
,,,,,,,,,,,,,,,,
,,,,,,,,,,,,,,,,
,,,,,,,,,,,,,,,,
,,,,,,,,,,,,,,,,
,,,,,,,,,,,,,,,,
,,,,,,,,,,,,,,,,
,,,,,,,,,,,,,,,,
,,,,,,,,,,,,,,,,
,,,,,,,,,,,,,,,,
,,,,,,,,,,,,,,,,
,,,,,,,,,,,,,,,,
,,,,,,,,,,,,,,,,
,,,,,,,,,,,,,,,,
,,,,,,,,,,,,,,,,
,,,,,,,,,,,,,,,,
,,,,,,,,,,,,,,,,
,,,,,,,,,,,,,,,,
,,,,,,,,,,,,,,,,
,,,,,,,,,,,,,,,,
,,,,,,,,,,,,,,,,
,,,,,,,,,,,,,,,,
,,,,,,,,,,,,,,,,
,,,,,,,,,,,,,,,,
,,,,,,,,,,,,,,,,
,,,,,,,,,,,,,,,,
,,,,,,,,,,,,,,,,
,,,,,,,,,,,,,,,,
,,,,,,,,,,,,,,,,
,,,,,,,,,,,,,,,,
,,,,,,,,,,,,,,,,
,,,,,,,,,,,,,,,,
,,,,,,,,,,,,,,,,
,,,,,,,,,,,,,,,,
,,,,,,,,,,,,,,,,
,,,,,,,,,,,,,,,,
,,,,,,,,,,,,,,,,
,,,,,,,,,,,,,,,,
,,,,,,,,,,,,,,,,
,,,,,,,,,,,,,,,,
,,,,,,,,,,,,,,,,
,,,,,,,,,,,,,,,,
,,,,,,,,,,,,,,,,
,,,,,,,,,,,,,,,,
,,,,,,,,,,,,,,,,
,,,,,,,,,,,,,,,,
,,,,,,,,,,,,,,,,
,,,,,,,,,,,,,,,,
,,,,,,,,,,,,,,,,
,,,,,,,,,,,,,,,,
,,,,,,,,,,,,,,,,
,,,,,,,,,,,,,,,,
,,,,,,,,,,,,,,,,
,,,,,,,,,,,,,,,,
,,,,,,,,,,,,,,,,
,,,,,,,,,,,,,,,,
,,,,,,,,,,,,,,,,
,,,,,,,,,,,,,,,,
,,,,,,,,,,,,,,,,
,,,,,,,,,,,,,,,,
,,,,,,,,,,,,,,,,
,,,,,,,,,,,,,,,,
,,,,,,,,,,,,,,,,
,,,,,,,,,,,,,,,,
,,,,,,,,,,,,,,,,
,,,,,,,,,,,,,,,,
,,,,,,,,,,,,,,,,
,,,,,,,,,,,,,,,,
,,,,,,,,,,,,,,,,
,,,,,,,,,,,,,,,,
,,,,,,,,,,,,,,,,
,,,,,,,,,,,,,,,,
,,,,,,,,,,,,,,,,
,,,,,,,,,,,,,,,,
,,,,,,,,,,,,,,,,
,,,,,,,,,,,,,,,,
,,,,,,,,,,,,,,,,
,,,,,,,,,,,,,,,,
,,,,,,,,,,,,,,,,
,,,,,,,,,,,,,,,,
,,,,,,,,,,,,,,,,
,,,,,,,,,,,,,,,,
,,,,,,,,,,,,,,,,
,,,,,,,,,,,,,,,,
,,,,,,,,,,,,,,,,
,,,,,,,,,,,,,,,,
,,,,,,,,,,,,,,,,
,,,,,,,,,,,,,,,,
,,,,,,,,,,,,,,,,
,,,,,,,,,,,,,,,,
,,,,,,,,,,,,,,,,
,,,,,,,,,,,,,,,,
,,,,,,,,,,,,,,,,
,,,,,,,,,,,,,,,,
,,,,,,,,,,,,,,,,
,,,,,,,,,,,,,,,,
,,,,,,,,,,,,,,,,
,,,,,,,,,,,,,,,,
,,,,,,,,,,,,,,,,
,,,,,,,,,,,,,,,,
,,,,,,,,,,,,,,,,
,,,,,,,,,,,,,,,,
,,,,,,,,,,,,,,,,
,,,,,,,,,,,,,,,,
,,,,,,,,,,,,,,,,
,,,,,,,,,,,,,,,,
,,,,,,,,,,,,,,,,
,,,,,,,,,,,,,,,,
,,,,,,,,,,,,,,,,
,,,,,,,,,,,,,,,,
,,,,,,,,,,,,,,,,
,,,,,,,,,,,,,,,,
,,,,,,,,,,,,,,,,
,,,,,,,,,,,,,,,,
,,,,,,,,,,,,,,,,
,,,,,,,,,,,,,,,,
,,,,,,,,,,,,,,,,
,,,,,,,,,,,,,,,,
,,,,,,,,,,,,,,,,
,,,,,,,,,,,,,,,,
,,,,,,,,,,,,,,,,
,,,,,,,,,,,,,,,,
,,,,,,,,,,,,,,,,
,,,,,,,,,,,,,,,,
,,,,,,,,,,,,,,,,
,,,,,,,,,,,,,,,,
,,,,,,,,,,,,,,,,
,,,,,,,,,,,,,,,,
,,,,,,,,,,,,,,,,
,,,,,,,,,,,,,,,,
,,,,,,,,,,,,,,,,
,,,,,,,,,,,,,,,,
,,,,,,,,,,,,,,,,
,,,,,,,,,,,,,,,,
,,,,,,,,,,,,,,,,
,,,,,,,,,,,,,,,,
,,,,,,,,,,,,,,,,
,,,,,,,,,,,,,,,,
,,,,,,,,,,,,,,,,
,,,,,,,,,,,,,,,,
,,,,,,,,,,,,,,,,
,,,,,,,,,,,,,,,,
,,,,,,,,,,,,,,,,
,,,,,,,,,,,,,,,,
,,,,,,,,,,,,,,,,
,,,,,,,,,,,,,,,,
,,,,,,,,,,,,,,,,
,,,,,,,,,,,,,,,,
,,,,,,,,,,,,,,,,
,,,,,,,,,,,,,,,,
,,,,,,,,,,,,,,,,
,,,,,,,,,,,,,,,,
,,,,,,,,,,,,,,,,
,,,,,,,,,,,,,,,,
,,,,,,,,,,,,,,,,
,,,,,,,,,,,,,,,,
,,,,,,,,,,,,,,,,
,,,,,,,,,,,,,,,,
,,,,,,,,,,,,,,,,
,,,,,,,,,,,,,,,,
,,,,,,,,,,,,,,,,
,,,,,,,,,,,,,,,,
,,,,,,,,,,,,,,,,
,,,,,,,,,,,,,,,,
,,,,,,,,,,,,,,,,
,,,,,,,,,,,,,,,,
,,,,,,,,,,,,,,,,
,,,,,,,,,,,,,,,,
,,,,,,,,,,,,,,,,
,,,,,,,,,,,,,,,,
,,,,,,,,,,,,,,,,
,,,,,,,,,,,,,,,,
,,,,,,,,,,,,,,,,
,,,,,,,,,,,,,,,,
,,,,,,,,,,,,,,,,
,,,,,,,,,,,,,,,,
,,,,,,,,,,,,,,,,
,,,,,,,,,,,,,,,,
,,,,,,,,,,,,,,,,
,,,,,,,,,,,,,,,,
,,,,,,,,,,,,,,,,
,,,,,,,,,,,,,,,,
,,,,,,,,,,,,,,,,
,,,,,,,,,,,,,,,,
,,,,,,,,,,,,,,,,
,,,,,,,,,,,,,,,,
,,,,,,,,,,,,,,,,
,,,,,,,,,,,,,,,,
,,,,,,,,,,,,,,,,
,,,,,,,,,,,,,,,,
,,,,,,,,,,,,,,,,
,,,,,,,,,,,,,,,,
,,,,,,,,,,,,,,,,
,,,,,,,,,,,,,,,,
,,,,,,,,,,,,,,,,
,,,,,,,,,,,,,,,,
,,,,,,,,,,,,,,,,
,,,,,,,,,,,,,,,,
,,,,,,,,,,,,,,,,
,,,,,,,,,,,,,,,,
,,,,,,,,,,,,,,,,
,,,,,,,,,,,,,,,,
,,,,,,,,,,,,,,,,
,,,,,,,,,,,,,,,,
,,,,,,,,,,,,,,,,
,,,,,,,,,,,,,,,,
,,,,,,,,,,,,,,,,
,,,,,,,,,,,,,,,,
,,,,,,,,,,,,,,,,
,,,,,,,,,,,,,,,,
,,,,,,,,,,,,,,,,
,,,,,,,,,,,,,,,,
,,,,,,,,,,,,,,,,
,,,,,,,,,,,,,,,,
,,,,,,,,,,,,,,,,
,,,,,,,,,,,,,,,,
,,,,,,,,,,,,,,,,
,,,,,,,,,,,,,,,,
,,,,,,,,,,,,,,,,
,,,,,,,,,,,,,,,,
,,,,,,,,,,,,,,,,
,,,,,,,,,,,,,,,,
,,,,,,,,,,,,,,,,
,,,,,,,,,,,,,,,,
,,,,,,,,,,,,,,,,
,,,,,,,,,,,,,,,,
,,,,,,,,,,,,,,,,
,,,,,,,,,,,,,,,,
,,,,,,,,,,,,,,,,
,,,,,,,,,,,,,,,,
,,,,,,,,,,,,,,,,
,,,,,,,,,,,,,,,,
,,,,,,,,,,,,,,,,
,,,,,,,,,,,,,,,,
,,,,,,,,,,,,,,,,
,,,,,,,,,,,,,,,,
,,,,,,,,,,,,,,,,
,,,,,,,,,,,,,,,,
,,,,,,,,,,,,,,,,
,,,,,,,,,,,,,,,,
,,,,,,,,,,,,,,,,
,,,,,,,,,,,,,,,,
,,,,,,,,,,,,,,,,
,,,,,,,,,,,,,,,,
,,,,,,,,,,,,,,,,
,,,,,,,,,,,,,,,,
,,,,,,,,,,,,,,,,
,,,,,,,,,,,,,,,,
,,,,,,,,,,,,,,,,
,,,,,,,,,,,,,,,,
,,,,,,,,,,,,,,,,
,,,,,,,,,,,,,,,,
,,,,,,,,,,,,,,,,
,,,,,,,,,,,,,,,,
,,,,,,,,,,,,,,,,
,,,,,,,,,,,,,,,,
,,,,,,,,,,,,,,,,
,,,,,,,,,,,,,,,,
,,,,,,,,,,,,,,,,
,,,,,,,,,,,,,,,,
,,,,,,,,,,,,,,,,
,,,,,,,,,,,,,,,,
,,,,,,,,,,,,,,,,
,,,,,,,,,,,,,,,,
,,,,,,,,,,,,,,,,
,,,,,,,,,,,,,,,,
,,,,,,,,,,,,,,,,
,,,,,,,,,,,,,,,,
,,,,,,,,,,,,,,,,
,,,,,,,,,,,,,,,,
,,,,,,,,,,,,,,,,
,,,,,,,,,,,,,,,,
,,,,,,,,,,,,,,,,
,,,,,,,,,,,,,,,,
,,,,,,,,,,,,,,,,
,,,,,,,,,,,,,,,,
,,,,,,,,,,,,,,,,
,,,,,,,,,,,,,,,,
,,,,,,,,,,,,,,,,
,,,,,,,,,,,,,,,,
,,,,,,,,,,,,,,,,
,,,,,,,,,,,,,,,,
,,,,,,,,,,,,,,,,
,,,,,,,,,,,,,,,,
,,,,,,,,,,,,,,,,
,,,,,,,,,,,,,,,,
,,,,,,,,,,,,,,,,
,,,,,,,,,,,,,,,,
,,,,,,,,,,,,,,,,
,,,,,,,,,,,,,,,,
,,,,,,,,,,,,,,,,
,,,,,,,,,,,,,,,,
,,,,,,,,,,,,,,,,
,,,,,,,,,,,,,,,,
,,,,,,,,,,,,,,,,
,,,,,,,,,,,,,,,,
,,,,,,,,,,,,,,,,
,,,,,,,,,,,,,,,,
,,,,,,,,,,,,,,,,
,,,,,,,,,,,,,,,,
,,,,,,,,,,,,,,,,
,,,,,,,,,,,,,,,,
,,,,,,,,,,,,,,,,
,,,,,,,,,,,,,,,,
,,,,,,,,,,,,,,,,
,,,,,,,,,,,,,,,,
,,,,,,,,,,,,,,,,
,,,,,,,,,,,,,,,,
,,,,,,,,,,,,,,,,
,,,,,,,,,,,,,,,,
,,,,,,,,,,,,,,,,
,,,,,,,,,,,,,,,,
,,,,,,,,,,,,,,,,
,,,,,,,,,,,,,,,,
,,,,,,,,,,,,,,,,
,,,,,,,,,,,,,,,,
,,,,,,,,,,,,,,,,
,,,,,,,,,,,,,,,,
,,,,,,,,,,,,,,,,
,,,,,,,,,,,,,,,,
,,,,,,,,,,,,,,,,
,,,,,,,,,,,,,,,,
,,,,,,,,,,,,,,,,
,,,,,,,,,,,,,,,,
,,,,,,,,,,,,,,,,
,,,,,,,,,,,,,,,,
,,,,,,,,,,,,,,,,
,,,,,,,,,,,,,,,,
,,,,,,,,,,,,,,,,
,,,,,,,,,,,,,,,,
,,,,,,,,,,,,,,,,
,,,,,,,,,,,,,,,,
,,,,,,,,,,,,,,,,
,,,,,,,,,,,,,,,,
,,,,,,,,,,,,,,,,
,,,,,,,,,,,,,,,,
,,,,,,,,,,,,,,,,
,,,,,,,,,,,,,,,,
,,,,,,,,,,,,,,,,
,,,,,,,,,,,,,,,,
,,,,,,,,,,,,,,,,
,,,,,,,,,,,,,,,,
,,,,,,,,,,,,,,,,
,,,,,,,,,,,,,,,,
,,,,,,,,,,,,,,,,
,,,,,,,,,,,,,,,,
,,,,,,,,,,,,,,,,
,,,,,,,,,,,,,,,,
,,,,,,,,,,,,,,,,
,,,,,,,,,,,,,,,,
,,,,,,,,,,,,,,,,
,,,,,,,,,,,,,,,,
,,,,,,,,,,,,,,,,
,,,,,,,,,,,,,,,,
,,,,,,,,,,,,,,,,
,,,,,,,,,,,,,,,,
,,,,,,,,,,,,,,,,
,,,,,,,,,,,,,,,,
,,,,,,,,,,,,,,,,
,,,,,,,,,,,,,,,,
,,,,,,,,,,,,,,,,
,,,,,,,,,,,,,,,,
,,,,,,,,,,,,,,,,
,,,,,,,,,,,,,,,,
,,,,,,,,,,,,,,,,
,,,,,,,,,,,,,,,,
,,,,,,,,,,,,,,,,
,,,,,,,,,,,,,,,,
,,,,,,,,,,,,,,,,
,,,,,,,,,,,,,,,,
,,,,,,,,,,,,,,,,
,,,,,,,,,,,,,,,,
,,,,,,,,,,,,,,,,
,,,,,,,,,,,,,,,,
,,,,,,,,,,,,,,,,
,,,,,,,,,,,,,,,,
,,,,,,,,,,,,,,,,
,,,,,,,,,,,,,,,,
,,,,,,,,,,,,,,,,
,,,,,,,,,,,,,,,,
,,,,,,,,,,,,,,,,
,,,,,,,,,,,,,,,,
,,,,,,,,,,,,,,,,
,,,,,,,,,,,,,,,,
,,,,,,,,,,,,,,,,
,,,,,,,,,,,,,,,,
,,,,,,,,,,,,,,,,
,,,,,,,,,,,,,,,,
,,,,,,,,,,,,,,,,
,,,,,,,,,,,,,,,,
,,,,,,,,,,,,,,,,
,,,,,,,,,,,,,,,,
,,,,,,,,,,,,,,,,
,,,,,,,,,,,,,,,,
,,,,,,,,,,,,,,,,
,,,,,,,,,,,,,,,,
,,,,,,,,,,,,,,,,
,,,,,,,,,,,,,,,,
,,,,,,,,,,,,,,,,
,,,,,,,,,,,,,,,,
,,,,,,,,,,,,,,,,
,,,,,,,,,,,,,,,,
,,,,,,,,,,,,,,,,
,,,,,,,,,,,,,,,,
,,,,,,,,,,,,,,,,
,,,,,,,,,,,,,,,,
,,,,,,,,,,,,,,,,
,,,,,,,,,,,,,,,,
,,,,,,,,,,,,,,,,
,,,,,,,,,,,,,,,,
,,,,,,,,,,,,,,,,
,,,,,,,,,,,,,,,,
,,,,,,,,,,,,,,,,
,,,,,,,,,,,,,,,,
,,,,,,,,,,,,,,,,
,,,,,,,,,,,,,,,,
,,,,,,,,,,,,,,,,
,,,,,,,,,,,,,,,,
,,,,,,,,,,,,,,,,
,,,,,,,,,,,,,,,,
,,,,,,,,,,,,,,,,
,,,,,,,,,,,,,,,,
,,,,,,,,,,,,,,,,
,,,,,,,,,,,,,,,,
,,,,,,,,,,,,,,,,
,,,,,,,,,,,,,,,,
,,,,,,,,,,,,,,,,
,,,,,,,,,,,,,,,,
,,,,,,,,,,,,,,,,
,,,,,,,,,,,,,,,,
,,,,,,,,,,,,,,,,
,,,,,,,,,,,,,,,,
,,,,,,,,,,,,,,,,
,,,,,,,,,,,,,,,,
,,,,,,,,,,,,,,,,
,,,,,,,,,,,,,,,,
,,,,,,,,,,,,,,,,
,,,,,,,,,,,,,,,,
,,,,,,,,,,,,,,,,
,,,,,,,,,,,,,,,,
,,,,,,,,,,,,,,,,
,,,,,,,,,,,,,,,,
,,,,,,,,,,,,,,,,
,,,,,,,,,,,,,,,,
,,,,,,,,,,,,,,,,
,,,,,,,,,,,,,,,,
,,,,,,,,,,,,,,,,
,,,,,,,,,,,,,,,,
,,,,,,,,,,,,,,,,
,,,,,,,,,,,,,,,,
,,,,,,,,,,,,,,,,
,,,,,,,,,,,,,,,,
,,,,,,,,,,,,,,,,
,,,,,,,,,,,,,,,,
,,,,,,,,,,,,,,,,
,,,,,,,,,,,,,,,,
,,,,,,,,,,,,,,,,
,,,,,,,,,,,,,,,,
,,,,,,,,,,,,,,,,
,,,,,,,,,,,,,,,,
,,,,,,,,,,,,,,,,
,,,,,,,,,,,,,,,,
,,,,,,,,,,,,,,,,
,,,,,,,,,,,,,,,,
,,,,,,,,,,,,,,,,
,,,,,,,,,,,,,,,,
,,,,,,,,,,,,,,,,
,,,,,,,,,,,,,,,,
,,,,,,,,,,,,,,,,
,,,,,,,,,,,,,,,,
,,,,,,,,,,,,,,,,
,,,,,,,,,,,,,,,,
,,,,,,,,,,,,,,,,
,,,,,,,,,,,,,,,,
,,,,,,,,,,,,,,,,
,,,,,,,,,,,,,,,,
,,,,,,,,,,,,,,,,
,,,,,,,,,,,,,,,,
,,,,,,,,,,,,,,,,
,,,,,,,,,,,,,,,,
,,,,,,,,,,,,,,,,
,,,,,,,,,,,,,,,,
,,,,,,,,,,,,,,,,
,,,,,,,,,,,,,,,,
,,,,,,,,,,,,,,,,
,,,,,,,,,,,,,,,,
,,,,,,,,,,,,,,,,
,,,,,,,,,,,,,,,,
,,,,,,,,,,,,,,,,
,,,,,,,,,,,,,,,,
,,,,,,,,,,,,,,,,
,,,,,,,,,,,,,,,,
,,,,,,,,,,,,,,,,
,,,,,,,,,,,,,,,,
,,,,,,,,,,,,,,,,
,,,,,,,,,,,,,,,,
,,,,,,,,,,,,,,,,
,,,,,,,,,,,,,,,,
,,,,,,,,,,,,,,,,
,,,,,,,,,,,,,,,,
,,,,,,,,,,,,,,,,
,,,,,,,,,,,,,,,,
,,,,,,,,,,,,,,,,
,,,,,,,,,,,,,,,,
,,,,,,,,,,,,,,,,
,,,,,,,,,,,,,,,,
,,,,,,,,,,,,,,,,
,,,,,,,,,,,,,,,,
,,,,,,,,,,,,,,,,
,,,,,,,,,,,,,,,,
,,,,,,,,,,,,,,,,
,,,,,,,,,,,,,,,,
,,,,,,,,,,,,,,,,
,,,,,,,,,,,,,,,,
,,,,,,,,,,,,,,,,
,,,,,,,,,,,,,,,,
,,,,,,,,,,,,,,,,
,,,,,,,,,,,,,,,,
,,,,,,,,,,,,,,,,
,,,,,,,,,,,,,,,,
,,,,,,,,,,,,,,,,
,,,,,,,,,,,,,,,,
,,,,,,,,,,,,,,,,
,,,,,,,,,,,,,,,,
,,,,,,,,,,,,,,,,
,,,,,,,,,,,,,,,,
,,,,,,,,,,,,,,,,
,,,,,,,,,,,,,,,,
,,,,,,,,,,,,,,,,
,,,,,,,,,,,,,,,,
,,,,,,,,,,,,,,,,
,,,,,,,,,,,,,,,,
,,,,,,,,,,,,,,,,
,,,,,,,,,,,,,,,,
,,,,,,,,,,,,,,,,
,,,,,,,,,,,,,,,,
,,,,,,,,,,,,,,,,
,,,,,,,,,,,,,,,,
,,,,,,,,,,,,,,,,
,,,,,,,,,,,,,,,,
,,,,,,,,,,,,,,,,
,,,,,,,,,,,,,,,,
,,,,,,,,,,,,,,,,
,,,,,,,,,,,,,,,,
,,,,,,,,,,,,,,,,
,,,,,,,,,,,,,,,,
,,,,,,,,,,,,,,,,
,,,,,,,,,,,,,,,,
,,,,,,,,,,,,,,,,
,,,,,,,,,,,,,,,,
,,,,,,,,,,,,,,,,
,,,,,,,,,,,,,,,,
,,,,,,,,,,,,,,,,
,,,,,,,,,,,,,,,,
,,,,,,,,,,,,,,,,
,,,,,,,,,,,,,,,,
,,,,,,,,,,,,,,,,
,,,,,,,,,,,,,,,,
,,,,,,,,,,,,,,,,
,,,,,,,,,,,,,,,,
,,,,,,,,,,,,,,,,
,,,,,,,,,,,,,,,,
,,,,,,,,,,,,,,,,
,,,,,,,,,,,,,,,,
,,,,,,,,,,,,,,,,
,,,,,,,,,,,,,,,,
,,,,,,,,,,,,,,,,
,,,,,,,,,,,,,,,,
,,,,,,,,,,,,,,,,
,,,,,,,,,,,,,,,,
,,,,,,,,,,,,,,,,
,,,,,,,,,,,,,,,,
,,,,,,,,,,,,,,,,
,,,,,,,,,,,,,,,,
,,,,,,,,,,,,,,,,
,,,,,,,,,,,,,,,,
,,,,,,,,,,,,,,,,
,,,,,,,,,,,,,,,,
,,,,,,,,,,,,,,,,
,,,,,,,,,,,,,,,,
,,,,,,,,,,,,,,,,
,,,,,,,,,,,,,,,,
,,,,,,,,,,,,,,,,
,,,,,,,,,,,,,,,,
,,,,,,,,,,,,,,,,
,,,,,,,,,,,,,,,,
,,,,,,,,,,,,,,,,
,,,,,,,,,,,,,,,,
,,,,,,,,,,,,,,,,
,,,,,,,,,,,,,,,,
,,,,,,,,,,,,,,,,
,,,,,,,,,,,,,,,,
,,,,,,,,,,,,,,,,
,,,,,,,,,,,,,,,,
,,,,,,,,,,,,,,,,
,,,,,,,,,,,,,,,,
,,,,,,,,,,,,,,,,
,,,,,,,,,,,,,,,,
,,,,,,,,,,,,,,,,
,,,,,,,,,,,,,,,,
,,,,,,,,,,,,,,,,
,,,,,,,,,,,,,,,,
,,,,,,,,,,,,,,,,
,,,,,,,,,,,,,,,,
,,,,,,,,,,,,,,,,
,,,,,,,,,,,,,,,,
,,,,,,,,,,,,,,,,
,,,,,,,,,,,,,,,,
,,,,,,,,,,,,,,,,
,,,,,,,,,,,,,,,,
,,,,,,,,,,,,,,,,
,,,,,,,,,,,,,,,,
,,,,,,,,,,,,,,,,
,,,,,,,,,,,,,,,,
,,,,,,,,,,,,,,,,
,,,,,,,,,,,,,,,,
,,,,,,,,,,,,,,,,
,,,,,,,,,,,,,,,,
,,,,,,,,,,,,,,,,
,,,,,,,,,,,,,,,,
,,,,,,,,,,,,,,,,
,,,,,,,,,,,,,,,,
,,,,,,,,,,,,,,,,
,,,,,,,,,,,,,,,,
,,,,,,,,,,,,,,,,
,,,,,,,,,,,,,,,,
,,,,,,,,,,,,,,,,
,,,,,,,,,,,,,,,,
,,,,,,,,,,,,,,,,
,,,,,,,,,,,,,,,,
,,,,,,,,,,,,,,,,
,,,,,,,,,,,,,,,,
,,,,,,,,,,,,,,,,
,,,,,,,,,,,,,,,,
,,,,,,,,,,,,,,,,
,,,,,,,,,,,,,,,,
,,,,,,,,,,,,,,,,
,,,,,,,,,,,,,,,,
,,,,,,,,,,,,,,,,
,,,,,,,,,,,,,,,,
,,,,,,,,,,,,,,,,
,,,,,,,,,,,,,,,,
,,,,,,,,,,,,,,,,
,,,,,,,,,,,,,,,,
,,,,,,,,,,,,,,,,
,,,,,,,,,,,,,,,,
,,,,,,,,,,,,,,,,
,,,,,,,,,,,,,,,,
,,,,,,,,,,,,,,,,
,,,,,,,,,,,,,,,,
,,,,,,,,,,,,,,,,
,,,,,,,,,,,,,,,,
,,,,,,,,,,,,,,,,
,,,,,,,,,,,,,,,,
,,,,,,,,,,,,,,,,
,,,,,,,,,,,,,,,,
,,,,,,,,,,,,,,,,
,,,,,,,,,,,,,,,,
,,,,,,,,,,,,,,,,
,,,,,,,,,,,,,,,,
,,,,,,,,,,,,,,,,
,,,,,,,,,,,,,,,,
,,,,,,,,,,,,,,,,
,,,,,,,,,,,,,,,,
,,,,,,,,,,,,,,,,
,,,,,,,,,,,,,,,,
,,,,,,,,,,,,,,,,
,,,,,,,,,,,,,,,,
,,,,,,,,,,,,,,,,
,,,,,,,,,,,,,,,,
,,,,,,,,,,,,,,,,
,,,,,,,,,,,,,,,,
,,,,,,,,,,,,,,,,
,,,,,,,,,,,,,,,,
,,,,,,,,,,,,,,,,
,,,,,,,,,,,,,,,,
,,,,,,,,,,,,,,,,
,,,,,,,,,,,,,,,,
,,,,,,,,,,,,,,,,
,,,,,,,,,,,,,,,,
,,,,,,,,,,,,,,,,
,,,,,,,,,,,,,,,,
,,,,,,,,,,,,,,,,
,,,,,,,,,,,,,,,,
,,,,,,,,,,,,,,,,
,,,,,,,,,,,,,,,,
,,,,,,,,,,,,,,,,
,,,,,,,,,,,,,,,,
,,,,,,,,,,,,,,,,
,,,,,,,,,,,,,,,,
,,,,,,,,,,,,,,,,
,,,,,,,,,,,,,,,,
,,,,,,,,,,,,,,,,
,,,,,,,,,,,,,,,,
,,,,,,,,,,,,,,,,
,,,,,,,,,,,,,,,,
,,,,,,,,,,,,,,,,
,,,,,,,,,,,,,,,,
,,,,,,,,,,,,,,,,
,,,,,,,,,,,,,,,,
,,,,,,,,,,,,,,,,
,,,,,,,,,,,,,,,,
,,,,,,,,,,,,,,,,
,,,,,,,,,,,,,,,,
,,,,,,,,,,,,,,,,
,,,,,,,,,,,,,,,,
,,,,,,,,,,,,,,,,
,,,,,,,,,,,,,,,,
,,,,,,,,,,,,,,,,
,,,,,,,,,,,,,,,,
,,,,,,,,,,,,,,,,
,,,,,,,,,,,,,,,,
,,,,,,,,,,,,,,,,
,,,,,,,,,,,,,,,,
,,,,,,,,,,,,,,,,
,,,,,,,,,,,,,,,,
,,,,,,,,,,,,,,,,
,,,,,,,,,,,,,,,,
,,,,,,,,,,,,,,,,
,,,,,,,,,,,,,,,,
,,,,,,,,,,,,,,,,
,,,,,,,,,,,,,,,,
,,,,,,,,,,,,,,,,
,,,,,,,,,,,,,,,,
,,,,,,,,,,,,,,,,
,,,,,,,,,,,,,,,,
,,,,,,,,,,,,,,,,
,,,,,,,,,,,,,,,,
,,,,,,,,,,,,,,,,
,,,,,,,,,,,,,,,,
,,,,,,,,,,,,,,,,
,,,,,,,,,,,,,,,,
,,,,,,,,,,,,,,,,
,,,,,,,,,,,,,,,,
,,,,,,,,,,,,,,,,
,,,,,,,,,,,,,,,,
,,,,,,,,,,,,,,,,
,,,,,,,,,,,,,,,,
,,,,,,,,,,,,,,,,
,,,,,,,,,,,,,,,,
,,,,,,,,,,,,,,,,
,,,,,,,,,,,,,,,,
,,,,,,,,,,,,,,,,
,,,,,,,,,,,,,,,,
,,,,,,,,,,,,,,,,
,,,,,,,,,,,,,,,,
,,,,,,,,,,,,,,,,
,,,,,,,,,,,,,,,,
,,,,,,,,,,,,,,,,
,,,,,,,,,,,,,,,,